ФИО,Год,Специальность,Средний балл ЦЭ/ЦТ,Средний балл аттестата,Средний балл при поступлении,Адрес,Телефон,Форма обучения,Математика,Физика,Химия,История,Обществознание
Евдокимов Ипатий Иларионович,2025,Физика,74.6,9.1,41.8,"с. Гремячинск (Бурят.), алл. Свободная, д. 931, 410435",8 (688) 784-0576,Заочная,78,91,68,54,82
Абрамов Прокл Артурович,2024,Математика,71.0,6.2,38.6,"ст. Юрюзань, наб. Терешковой, д. 6/4, 992244",8 (103) 788-2577,Вечерняя,60,78,97,58,62
Потапова Ираида Харитоновна,2025,Математика,74.4,8.6,41.5,"клх Улан-Удэ, ш. Микрорайон, д. 9/6, 366418",+70990718399,Заочная,63,92,75,79,63
Быков Филипп Вячеславович,2025,Химия,69.6,6.8,38.2,"п. Миасс, ул. Большевистская, д. 213 стр. 131, 355687",8 (089) 010-41-45,Заочная,92,41,63,83,69
Елисеев Феофан Арсеньевич,2023,Математика,75.8,8.1,41.9,"г. Артем, наб. Никитина, д. 753, 434907",+7 284 631 0806,Очная,99,60,72,51,97
Аким Глебович Туров,2023,Биология,79.8,7.6,43.7,"клх Валаам, пер. Ульянова, д. 23 стр. 6, 466330",8 613 076 49 87,Очная,83,64,88,66,98
Меркушев Кир Гордеевич,2023,Химия,72.2,8.5,40.4,"ст. Богучар, пер. Л.Толстого, д. 1 стр. 40, 611912",8 133 705 8166,Вечерняя,67,99,55,54,86
Ксения Аскольдовна Сысоева,2025,Химия,81.2,9.4,45.3,"к. Красновишерск, ул. Театральная, д. 4/7 стр. 76, 706661",+7 769 425 56 60,Заочная,83,94,91,96,42
Мстислав Феофанович Ильин,2022,Физика,57.8,9.8,33.8,"д. Яр-Сале, пр. Тихий, д. 13, 701854",8 967 682 8857,Заочная,46,60,48,78,57
Остап Архипович Панфилов,2022,Математика,77.2,6.1,41.6,"ст. Малгобек, ул. Коллективная, д. 2/3 стр. 1, 363765",8 (332) 436-12-51,Заочная,99,53,89,97,48
Маслов Нифонт Зиновьевич,2024,Биология,70.4,6.5,38.4,"д. Сосногорск, бул. Полевой, д. 15, 897015",86404478609,Заочная,41,59,67,86,99
Карпова Людмила Святославовна,2022,Биология,63.2,7.0,35.1,"ст. Оленегорск (Якут.), ул. Приозерная, д. 54 стр. 1, 825938",+72280851061,Заочная,47,86,74,53,56
Жанна Филипповна Воробьева,2022,История Беларуси,60.2,8.2,34.2,"п. Бреды, пер. Набережный, д. 46, 038413",+7 674 472 08 26,Вечерняя,79,43,41,45,93
Милица Ивановна Муравьева,2023,Физика,73.2,9.8,41.5,"к. Калининград, пр. Рябиновый, д. 3 стр. 569, 561532",+7 (324) 217-09-10,Заочная,93,68,57,65,83
Лихачева София Александровна,2023,Химия,67.8,6.4,37.1,"г. Челябинск, ул. Кавказская, д. 1, 602339",8 654 838 85 39,Заочная,75,53,70,87,54
Кабанов Мартын Виленович,2023,Химия,79.2,7.6,43.4,"г. Южно-Курильск, бул. Нахимова, д. 54 к. 700, 141583",8 (689) 418-6613,Вечерняя,62,99,96,79,60
Филатов Никодим Всеволодович,2025,Химия,72.6,9.9,41.2,"клх Мирный, ул. Курчатова, д. 975 к. 2, 687313",+7 (681) 002-49-30,Заочная,57,86,92,63,65
Христофор Денисович Шаров,2021,История Беларуси,86.0,9.2,47.6,"к. Адыгейск, наб. Машиностроителей, д. 13, 713163",+79266656394,Вечерняя,99,99,84,80,68
Фролова Октябрина Романовна,2024,Химия,52.2,7.6,29.9,"д. Баксан, пр. Авиационный, д. 5/5 к. 3, 979742",+7 097 250 22 90,Очная,40,64,46,48,63
Алевтина Натановна Пахомова,2024,История Беларуси,61.2,8.8,35.0,"ст. Моршанск, пр. 40 лет Победы, д. 20 к. 319, 384968",8 146 495 85 41,Заочная,47,63,50,90,56
Екатерина Эльдаровна Сергеева,2024,Физика,73.8,7.4,40.6,"с. Соловки, алл. Славянская, д. 5 к. 3/6, 636739",+7 321 259 5387,Очная,74,72,98,44,81
Леон Егорович Денисов,2022,История Беларуси,57.6,7.8,32.7,"ст. Тарко-Сале, ш. Родниковое, д. 2, 067167",8 170 842 7886,Заочная,80,67,46,48,47
Гаврилова Валерия Сергеевна,2021,Биология,75.6,8.7,42.2,"д. Вилюйск, пер. Вокзальный, д. 3 к. 1, 142384",81717162850,Заочная,72,87,94,62,63
Остап Евстигнеевич Цветков,2023,История Беларуси,72.6,7.9,40.2,"д. Магадан, алл. Загородная, д. 5, 674856",88856271043,Очная,83,79,61,66,74
Лариса Николаевна Воронова,2022,Математика,59.4,8.9,34.2,"с. Шелехов, пер. Кавказский, д. 7 к. 5/6, 805025",+78101607191,Очная,76,86,53,42,40
Ершова Синклитикия Никифоровна,2022,Биология,67.8,8.8,38.3,"клх Калачинск, ул. Морская, д. 9/4 к. 5/9, 226771",+7 775 264 0088,Очная,94,53,78,66,48
Алина Евгеньевна Самсонова,2021,Физика,77.4,6.1,41.8,"ст. Соликамск, ш. Лазурное, д. 36 к. 838, 945015",+7 (145) 955-87-04,Очная,65,81,99,52,90
Зыкова Екатерина Романовна,2021,Химия,74.2,9.6,41.9,"д. Моршанск, алл. Толстого, д. 2/8 к. 77, 690467",8 (938) 470-9130,Заочная,78,88,91,71,43
Флорентин Харлампович Туров,2024,Математика,72.0,6.8,39.4,"к. Кострома, алл. Красногвардейская, д. 3 стр. 29, 613149",+7 (262) 574-7532,Заочная,62,78,84,54,82
Петухова Октябрина Кузьминична,2023,История Беларуси,71.4,6.6,39.0,"ст. Городовиковск, наб. Путейская, д. 2 стр. 5/2, 667846",+7 925 444 34 42,Очная,52,71,46,98,90
Анастасия Юрьевна Кириллова,2024,Биология,78.8,9.5,44.2,"к. Тобольск, пер. Физкультурный, д. 4/3 к. 3/3, 783794",88450063170,Очная,41,81,84,96,92
Прасковья Юрьевна Степанова,2025,Биология,72.2,9.5,40.8,"п. Неплюевка, ш. Шолохова, д. 168 стр. 595, 111483",8 088 024 52 05,Заочная,67,83,83,59,69
Амос Фомич Пономарев,2022,История Беларуси,80.0,9.6,44.8,"ст. Волоколамск, бул. Кольцова, д. 463, 759441",8 778 639 1579,Вечерняя,97,94,67,64,78
Мария Аскольдовна Мамонтова,2023,История Беларуси,77.8,7.4,42.6,"с. Вологда, наб. Балтийская, д. 3/5 к. 9/2, 250639",8 (414) 411-6499,Заочная,40,96,66,96,91
Михей Артемьевич Степанов,2022,Математика,55.6,7.7,31.6,"с. Петушки, ул. Чкалова, д. 2/5, 993793",8 (769) 702-43-38,Вечерняя,42,78,45,47,66
Трофимова Светлана Львовна,2023,Биология,80.4,7.0,43.7,"п. Салават, ш. Клубное, д. 2/5 стр. 9/7, 876635",+7 948 575 5014,Вечерняя,76,72,90,81,83
Назарова Оксана Олеговна,2024,История Беларуси,79.2,8.8,44.0,"ст. Плес, ш. Урожайное, д. 2/5 к. 2/8, 159276",8 618 014 19 55,Вечерняя,98,93,71,71,63
Полина Ниловна Назарова,2021,Физика,83.0,7.0,45.0,"г. Мичуринск, ш. Водопроводное, д. 65 стр. 1/4, 644148",83355660267,Вечерняя,88,88,97,91,51
Светлана Наумовна Молчанова,2021,Физика,67.0,10.0,38.5,"с. Смирных, пр. Малый, д. 3/8 к. 3, 345767",+7 794 181 48 82,Заочная,41,42,88,76,88
Родионова Любовь Филипповна,2023,Биология,67.0,6.2,36.6,"к. Рязань, ул. Тихая, д. 9/1 стр. 4/3, 091630",+7 300 871 92 44,Заочная,98,88,41,41,67
Всеволод Глебович Тимофеев,2022,Химия,63.4,8.7,36.0,"к. Ялуторовск, ул. Свердлова, д. 85 стр. 4, 409011",+7 (134) 863-20-44,Заочная,76,71,72,40,58
Зимина Ульяна Никифоровна,2024,Химия,71.2,7.0,39.1,"к. Лагань, алл. Ручейная, д. 875 к. 15, 319494",+7 (503) 491-53-26,Заочная,92,83,65,71,45
Добромысл Анисимович Галкин,2023,История Беларуси,76.0,7.0,41.5,"д. Мокшан, пер. Безымянный, д. 8/7, 956209",85233100795,Вечерняя,43,94,50,95,98
Елизавета Геннадиевна Шилова,2025,Физика,69.6,8.5,39.0,"д. Дно, бул. Энергетический, д. 89, 147380",+72427877989,Очная,77,63,44,91,73
Рыбакова Анжелика Ивановна,2023,Биология,62.4,7.3,34.8,"ст. Смирных, бул. Речной, д. 40, 422702",8 (552) 698-8007,Заочная,50,87,55,72,48
Некрасова Милица Константиновна,2023,Математика,53.8,7.3,30.6,"с. Лабытнанги, пр. Калужский, д. 7 стр. 6, 745498",+7 (053) 490-60-85,Заочная,45,55,68,42,59
Овчинников Сидор Виленович,2023,Физика,59.6,7.4,33.5,"г. Бодайбо, наб. Чехова, д. 703, 624147",8 (266) 049-26-31,Очная,75,58,65,42,58
Татьяна Юльевна Артемьева,2022,История Беларуси,73.6,7.5,40.6,"к. Белоярский, ул. Верхняя, д. 3 стр. 9/4, 655301",+7 (152) 775-74-59,Вечерняя,46,91,80,72,79
Регина Даниловна Князева,2025,История Беларуси,58.6,8.9,33.8,"клх Гдов, пер. Учительский, д. 73 стр. 8/7, 639459",8 (385) 986-1152,Заочная,57,79,40,50,67
Анастасия Робертовна Соловьева,2025,Математика,74.2,7.0,40.6,"к. Сыктывкар, наб. Шаумяна, д. 2 стр. 281, 735956",+7 (460) 431-64-44,Заочная,89,62,70,69,81
Анатолий Эдгарович Быков,2021,Биология,80.4,8.1,44.2,"д. Коломна, ул. Серафимовича, д. 4 стр. 72, 003879",8 (124) 267-08-35,Очная,99,55,65,87,96
Анастасия Юрьевна Макарова,2021,Физика,61.4,8.2,34.8,"с. Анадырь, наб. Курская, д. 1, 236159",8 (461) 317-01-93,Вечерняя,88,41,40,87,51
Голубева Иванна Аскольдовна,2023,Химия,78.2,7.4,42.8,"ст. Калач-на-Дону, алл. Энергетиков, д. 2 стр. 1/3, 829716",8 (218) 867-7345,Заочная,71,98,94,48,80
Ефремова Светлана Ниловна,2024,Математика,61.2,7.6,34.4,"к. Серов, ш. Льва Толстого, д. 15 стр. 39, 261039",8 (884) 555-1357,Вечерняя,87,55,42,59,63
Нифонт Филимонович Комаров,2025,Физика,72.8,6.6,39.7,"д. Качканар, пер. Геологов, д. 88 к. 1/3, 125833",+7 105 833 0093,Очная,72,63,91,50,88
Прасковья Ниловна Денисова,2023,Биология,75.2,6.4,40.8,"д. Губкин, наб. Матросова, д. 98 к. 5, 510498",8 748 520 46 57,Очная,77,79,59,74,87
Алла Валериевна Федотова,2024,История Беларуси,69.6,8.2,38.9,"клх Истра, пер. Зеленый, д. 7/5 к. 822, 566299",84147486510,Заочная,74,64,68,57,85
Королев Лучезар Давидович,2023,Биология,75.4,8.8,42.1,"с. Ногинск (Моск.), ул. Просвещения, д. 4 к. 7, 126719",+7 (242) 732-8729,Заочная,93,74,55,80,75
Богданов Константин Эдгарович,2023,История Беларуси,66.2,7.5,36.8,"д. Охотск, бул. Приозерный, д. 996 к. 201, 607111",+7 283 207 3453,Заочная,72,53,60,87,59
Крылова Жанна Степановна,2022,Математика,52.6,8.2,30.4,"п. Калуга, ул. Фадеева, д. 7 к. 44, 156127",8 117 283 87 10,Вечерняя,47,46,42,56,72
Аникита Евстигнеевич Калашников,2025,Химия,80.8,7.0,43.9,"к. Сибай, пр. Приозерный, д. 4 к. 929, 514093",+70276126529,Заочная,98,90,61,94,61
Пров Ермолаевич Веселов,2021,Физика,84.2,9.6,46.9,"г. Ребриха, пр. Театральный, д. 133 к. 96, 480769",8 (582) 883-03-87,Очная,77,77,84,90,93
Тетерина Кира Дмитриевна,2021,Математика,68.0,8.3,38.2,"ст. Хужир, ул. Грибоедова, д. 5, 258180",+7 259 335 3260,Заочная,66,73,60,69,72
Савватий Викторович Савельев,2025,История Беларуси,72.0,8.3,40.2,"с. Усть-Камчатск, ш. Урожайное, д. 4 стр. 93, 987976",8 (728) 592-38-34,Очная,72,44,99,87,58
Вера Кузьминична Денисова,2022,Биология,72.6,9.8,41.2,"к. Элиста, пр. Слободской, д. 3 стр. 50, 570012",+7 388 157 6762,Очная,88,56,83,67,69
Семен Андреевич Рогов,2023,Физика,78.0,9.8,43.9,"клх Сарапул, наб. Луговая, д. 6/6, 787241",8 (876) 992-16-42,Очная,92,45,74,99,80
Геннадий Иосипович Коновалов,2021,Математика,80.6,9.9,45.2,"к. Тымовское, алл. Сплавная, д. 3 к. 3/9, 534451",+7 910 554 50 10,Очная,68,88,85,92,70
Константинов Иларион Ермилович,2023,Биология,71.2,7.1,39.2,"ст. Самара, алл. Беляева, д. 7, 834414",8 271 067 06 98,Вечерняя,72,91,60,71,62
Денисова Алевтина Афанасьевна,2023,Химия,62.8,9.4,36.1,"п. Токсово, алл. Куйбышева, д. 171 к. 2, 831691",+7 (017) 206-1461,Заочная,42,57,64,81,70
Арефий Елизарович Павлов,2025,Физика,71.6,8.5,40.0,"п. Усть-Кулом, пер. Народный, д. 7/7, 474591",+7 (117) 029-55-55,Заочная,42,79,85,63,89
Громова Лора Феликсовна,2024,Химия,62.2,9.5,35.8,"п. Серов, пр. Ворошилова, д. 5/3 стр. 233, 481685",+7 028 827 1675,Очная,61,62,41,66,81
Ангелина Игоревна Константинова,2023,Биология,67.4,8.8,38.1,"с. Лабытнанги, пер. Фадеева, д. 1 к. 28, 770590",+7 161 150 4346,Вечерняя,56,79,72,48,82
Таисия Анатольевна Шарова,2025,Физика,77.2,9.2,43.2,"к. Солнечногорск, ш. Лазурное, д. 6/2 к. 3/2, 060948",+7 689 716 4211,Заочная,78,68,81,94,65
Копылов Фрол Данилович,2024,Математика,75.0,6.0,40.5,"д. Калачинск, бул. Кочубея, д. 25, 354535",8 (143) 669-1573,Очная,64,63,52,99,97
Фадей Эдгардович Киселев,2022,История Беларуси,61.0,8.8,34.9,"с. Чехов, наб. Байкальская, д. 9 стр. 43, 754938",8 146 376 2179,Заочная,75,84,59,40,47
Евгения Робертовна Архипова,2021,История Беларуси,62.2,6.1,34.2,"п. Балашиха, ул. Привокзальная, д. 1, 311050",8 875 795 6267,Заочная,55,53,51,90,62
Баранова Полина Тарасовна,2021,Физика,61.6,7.3,34.4,"д. Кулу, ш. Дальневосточное, д. 1 к. 11, 641869",8 (130) 107-1548,Заочная,73,41,71,62,61
Субботина Анжела Оскаровна,2021,Биология,82.6,7.0,44.8,"клх Токсово, алл. Магистральная, д. 83 к. 8/5, 298187",8 (440) 906-2762,Вечерняя,97,61,97,97,61
Силин Евграф Трифонович,2025,Химия,71.0,6.5,38.8,"клх Кижи, алл. Болотная, д. 749 к. 7/8, 314562",+77570057031,Вечерняя,81,45,54,93,82
Тарасов Самсон Ануфриевич,2023,Математика,78.6,9.9,44.2,"к. Брянск, ш. Речное, д. 694, 856607",8 (203) 885-39-43,Заочная,72,47,92,99,83
Радован Афанасьевич Морозов,2021,Математика,64.2,8.1,36.2,"с. Сосьва (Хант.), ул. Спортивная, д. 3/5 к. 8/4, 219781",8 (196) 471-31-30,Заочная,78,43,45,84,71
Прасковья Тарасовна Фадеева,2022,История Беларуси,84.8,6.5,45.6,"с. Вязьма, ш. Прудовое, д. 353 стр. 7, 515998",8 (289) 553-7382,Заочная,86,74,94,79,91
Белозеров Рюрик Юльевич,2024,Математика,79.2,9.2,44.2,"с. Ясный (Оренб.), наб. Виноградная, д. 562 к. 5, 510743",+79010509748,Вечерняя,89,99,81,69,58
Иванна Валентиновна Анисимова,2021,Биология,76.2,6.1,41.2,"клх Златоуст, бул. Дружба, д. 5 к. 860, 321846",+7 188 098 6049,Очная,58,67,97,94,65
Петр Демьянович Комаров,2023,Биология,69.0,6.2,37.6,"с. Киров (Вятка), алл. Поселковая, д. 42 к. 9, 896789",8 (861) 165-3080,Заочная,92,62,48,51,92
Наина Ильинична Шилова,2022,Биология,73.4,8.2,40.8,"с. Белореченск, ш. Юности, д. 92 к. 7, 022843",8 373 577 41 14,Очная,97,40,86,73,71
Светозар Артемьевич Беляков,2021,Математика,81.2,8.6,44.9,"д. Кизляр, алл. Демьяна Бедного, д. 7 стр. 38, 304281",+71206601465,Вечерняя,87,64,79,84,92
Гордей Иларионович Волков,2022,Химия,69.0,6.2,37.6,"к. Гагарин, наб. Ключевая, д. 13, 944444",+7 (709) 919-8955,Заочная,78,44,61,68,94
Семен Ильясович Кабанов,2024,Биология,69.4,6.1,37.8,"к. Черкесск, алл. Иркутская, д. 725 к. 370, 136351",89797588682,Очная,65,55,90,76,61
Ираида Васильевна Доронина,2023,Математика,67.6,7.2,37.4,"к. Славянск-на-Кубани, алл. Металлургов, д. 41 к. 41, 403509",8 (471) 967-09-34,Заочная,53,67,44,86,88
Лора Георгиевна Агафонова,2023,Математика,61.2,9.1,35.2,"к. Холмогоры, бул. Мичурина, д. 46 к. 964, 734692",8 180 144 00 63,Вечерняя,91,44,51,55,65
Савватий Эдгарович Гришин,2023,Химия,70.8,8.6,39.7,"с. Пушкин, ул. Дзержинского, д. 5, 876415",8 (624) 113-3933,Заочная,60,78,75,72,69
Баранов Прохор Аверьянович,2021,Физика,71.6,6.2,38.9,"к. Быково (метеост.), ш. Ударное, д. 8 стр. 56, 258466",84613881851,Заочная,97,49,93,44,75
Федорова Феврония Богдановна,2021,Математика,74.2,8.0,41.1,"с. Новгород Великий, бул. Солнечный, д. 37 к. 28, 068392",8 861 439 5539,Заочная,70,49,97,58,97
Мельникова Любовь Святославовна,2024,История Беларуси,64.2,6.3,35.2,"к. Шенкурск, пр. Ермака, д. 2 стр. 5/6, 087593",+7 (462) 917-44-32,Очная,95,44,84,43,55
Блинова Марфа Ждановна,2024,Физика,72.2,9.8,41.0,"к. Талдом, алл. Волгоградская, д. 4/3 к. 42, 896532",+7 (339) 934-7108,Вечерняя,94,41,88,67,71
Анжелика Григорьевна Быкова,2025,Биология,75.2,6.5,40.8,"с. Казань, бул. Свободный, д. 538, 889921",+7 (342) 382-4013,Заочная,63,51,89,74,99
Агата Семеновна Мартынова,2025,Биология,68.2,9.3,38.8,"г. Набережные Челны, пер. Енисейский, д. 6/8 стр. 578, 559959",8 928 987 2706,Очная,90,82,76,51,42
Шилов Александр Зиновьевич,2023,Физика,72.2,6.3,39.2,"ст. Нязепетровск, пер. Ореховый, д. 8/3, 129989",+7 (662) 778-49-34,Вечерняя,79,49,82,83,68
Ксения Игоревна Турова,2022,Химия,75.0,8.7,41.8,"д. Ербогачен, алл. Жданова, д. 494 к. 6, 620405",+7 844 488 0222,Заочная,70,85,41,90,89
Кондратьева Вероника Аркадьевна,2025,Химия,60.2,8.7,34.4,"д. Санкт-Петербург, пр. Профсоюзный, д. 7, 542906",8 956 016 6182,Вечерняя,56,65,47,68,65
Лаврентьева Лора Кузьминична,2021,Математика,66.4,8.8,37.6,"клх Плес, пр. Красноярский, д. 2/4, 399913",8 (125) 688-18-81,Вечерняя,73,90,80,46,43
София Святославовна Шашкова,2022,Химия,77.2,8.9,43.1,"с. Мирный, алл. Сурикова, д. 6/3, 162469",87842735851,Очная,89,84,50,68,95
Симонова Оксана Кузьминична,2022,История Беларуси,71.2,9.0,40.1,"ст. Хасан, алл. Леваневского, д. 19 к. 4/5, 355116",+78309511523,Очная,60,96,75,49,76
Алина Аскольдовна Ефремова,2022,Химия,79.6,7.5,43.6,"п. Рубцовск, бул. Пионерский, д. 205 стр. 138, 516717",+7 (033) 036-42-91,Очная,74,88,74,87,75
Амвросий Геннадиевич Тетерин,2023,Физика,69.0,9.4,39.2,"п. Салават, пр. Брянский, д. 1/4 стр. 8, 659161",8 (854) 967-3932,Вечерняя,78,71,63,62,71
Наина Васильевна Колобова,2022,Биология,72.0,7.0,39.5,"д. Советский, ш. Парижской Коммуны, д. 989 к. 5/3, 568294",8 (700) 822-8060,Вечерняя,88,94,52,62,64
Калинина Евдокия Семеновна,2024,Химия,71.8,7.6,39.7,"клх Александров Гай, ш. Балтийское, д. 2, 263887",+7 539 466 10 04,Очная,69,56,88,59,87
Евфросиния Ивановна Терентьева,2022,История Беларуси,74.2,6.0,40.1,"с. Кизел, ш. 30 лет Победы, д. 61, 918448",8 931 195 65 79,Очная,52,98,58,88,75
Виноградова Анжелика Афанасьевна,2023,Химия,56.6,9.8,33.2,"ст. Морозовск, наб. Дарвина, д. 204, 092541",+7 464 088 25 73,Заочная,80,58,51,48,46
Андроник Богданович Дементьев,2022,Физика,80.4,6.3,43.4,"клх Каргополь, алл. Енисейская, д. 6/1, 000785",82878460435,Заочная,70,91,58,97,86
Марина Петровна Соколова,2023,Химия,64.8,8.7,36.8,"г. Новый Уренгой, ш. Физкультурное, д. 71 к. 7/4, 883564",8 (843) 257-15-14,Заочная,44,74,51,64,91
Мокей Трифонович Горбунов,2023,Математика,76.0,6.5,41.2,"к. Новый Уренгой, пер. Мелиоративный, д. 5 стр. 6, 183203",8 346 562 1782,Заочная,75,92,62,55,96
Голубев Боян Августович,2024,Математика,80.2,8.2,44.2,"г. Углич, пр. Специалистов, д. 837 к. 6, 699442",+70886803357,Очная,92,81,97,78,53
Прокофий Яковлевич Калашников,2023,Физика,66.0,8.8,37.4,"г. Тосно, алл. Ленина, д. 645, 746602",+7 473 851 95 75,Очная,44,74,62,68,82
Иосиф Давидович Ермаков,2023,Биология,66.2,8.5,37.4,"к. Пенза, наб. Краснофлотская, д. 42 к. 61, 318494",+7 (512) 549-98-32,Очная,86,51,48,49,97
Веселов Симон Адрианович,2023,Биология,67.8,6.3,37.0,"г. Оймякон, ш. Флотское, д. 851 стр. 7, 261556",8 579 390 1083,Вечерняя,77,46,85,52,79
Симонова Зоя Львовна,2021,Химия,67.4,8.1,37.8,"п. Медногорск, ш. Пирогова, д. 4, 073325",+7 (388) 857-4567,Вечерняя,89,66,97,41,44
Агафонова Октябрина Григорьевна,2024,Химия,70.6,7.5,39.0,"к. Тольятти, пр. Владимирский, д. 8/8, 372724",8 (464) 598-74-94,Очная,77,58,47,87,84
Ипполит Ильич Самойлов,2023,Биология,68.2,9.0,38.6,"к. Горячий Ключ, ул. Петровская, д. 75, 876117",8 (943) 123-8275,Заочная,91,56,46,64,84
София Ильинична Журавлева,2024,Математика,71.0,8.2,39.6,"г. Чебаркуль, пр. Жукова, д. 2/9 стр. 4/6, 717306",+7 633 550 38 46,Заочная,45,99,70,58,83
Родионов Фадей Арсеньевич,2024,Физика,63.2,7.7,35.4,"клх Ярославль, алл. Васильковая, д. 5 к. 45, 379858",8 035 298 32 83,Заочная,66,49,65,58,78
Сорокин Исай Брониславович,2022,Физика,77.8,9.0,43.4,"с. Березники, пер. Лесный, д. 86 стр. 5/1, 794681",+77306595495,Вечерняя,84,52,89,67,97
Виталий Егорович Савин,2025,Химия,57.4,8.3,32.8,"к. Ессентуки, ш. Толбухина, д. 69 к. 448, 141349",8 939 124 15 02,Заочная,47,80,78,40,42
Прокл Данилович Ситников,2023,Математика,88.4,8.1,48.2,"п. Троицк (Челяб.), бул. Заливный, д. 8/6 стр. 1, 571756",+71326910767,Очная,96,99,88,64,95
Аверьян Виленович Громов,2021,Химия,80.2,9.9,45.1,"д. Красногорск (Моск.), бул. Кооперативный, д. 809 стр. 3/8, 086593",+7 284 521 53 13,Очная,92,45,97,83,84
Онуфрий Марсович Бирюков,2025,Химия,70.8,10.0,40.4,"к. Тайшет, ш. Воровского, д. 743 к. 7, 654801",8 (772) 616-4934,Вечерняя,86,60,55,93,60
Белоусова Майя Павловна,2022,Химия,68.4,6.3,37.4,"с. Тавда, наб. Вокзальная, д. 128 к. 81, 399787",+7 146 081 90 00,Вечерняя,76,75,74,58,59
Дементьева Иванна Константиновна,2025,Математика,72.2,7.8,40.0,"к. Шамары, пер. Троицкий, д. 953 стр. 757, 157074",8 024 977 21 76,Заочная,86,80,88,53,54
Трофим Елисеевич Гуляев,2022,Физика,75.0,8.9,42.0,"к. Салават, пер. Гаражный, д. 3/3, 804866",+7 (562) 496-3666,Очная,92,93,93,42,55
Ковалева Виктория Архиповна,2023,Физика,55.2,9.6,32.4,"с. Игарка, бул. Торговый, д. 983 стр. 6, 850785",8 (478) 193-75-13,Вечерняя,50,51,49,71,55
Михеева Юлия Мироновна,2022,Математика,64.0,6.7,35.4,"г. Тосно, пр. Кутузова, д. 7 к. 4, 875267",+7 264 488 04 45,Заочная,51,63,67,92,47
Терентьева Евпраксия Вячеславовна,2025,Химия,76.6,8.3,42.4,"ст. Рубцовск, бул. Семашко, д. 1, 778210",8 356 870 0330,Вечерняя,75,65,47,97,99
Глафира Кирилловна Субботина,2021,Химия,72.8,8.8,40.8,"г. Сладково, ш. Кавказское, д. 357, 661696",8 381 753 83 27,Вечерняя,67,76,80,75,66
Виталий Фролович Дорофеев,2022,Физика,65.4,8.4,36.9,"к. Новосибирск, пр. Надежды, д. 19, 271967",86248742930,Заочная,56,48,72,92,59
Панфилова Пелагея Даниловна,2023,История Беларуси,73.2,9.3,41.2,"п. Кулунда, бул. Труда, д. 5 стр. 235, 238728",+7 729 288 95 09,Заочная,87,68,52,85,74
г-н Ермаков Павел Еремеевич,2024,Математика,68.2,7.7,38.0,"к. Новокузнецк, бул. Звездный, д. 5/9 стр. 88, 035997",+7 268 729 95 14,Вечерняя,57,90,44,86,64
Светлана Юрьевна Карпова,2021,Химия,87.0,6.7,46.8,"клх Цимлянск, ул. Ставропольская, д. 3, 837225",8 378 071 47 78,Очная,95,69,89,98,84
Корнил Харлампьевич Белозеров,2022,Математика,71.4,9.9,40.7,"п. Неплюевка, наб. 9 Января, д. 584 к. 4/2, 653897",+70162543225,Заочная,95,72,93,40,57
Януарий Виленович Евсеев,2023,Физика,65.4,9.9,37.7,"с. Алагир, ш. Степное, д. 1/8 стр. 516, 472454",8 (852) 441-6519,Заочная,88,50,60,65,64
Иванна Семеновна Цветкова,2021,Физика,70.2,6.1,38.2,"с. Карачаевск, ш. Крылова, д. 806 к. 6/5, 204428",8 (836) 403-2050,Очная,66,88,52,72,73
Ратмир Ярославович Доронин,2023,Физика,65.2,8.8,37.0,"клх Нижний Тагил, алл. Баумана, д. 890 стр. 2, 818062",+7 (214) 741-44-96,Вечерняя,40,60,87,94,45
Мамонтова Наина Николаевна,2025,Химия,55.4,8.2,31.8,"клх Завьялиха, пер. Орджоникидзе, д. 6 стр. 6/3, 565019",+7 956 664 1607,Заочная,44,70,44,77,42
Эрнест Ермолаевич Федотов,2022,Биология,68.4,7.5,38.0,"с. Терней, ул. Геологов, д. 2/7 к. 210, 290697",+7 (067) 143-18-26,Заочная,76,92,76,49,49
Куликова Галина Кирилловна,2023,Биология,57.2,9.8,33.5,"к. Кострома, бул. Щетинкина, д. 845 к. 809, 709670",+7 731 390 0998,Заочная,60,53,48,85,40
Юлия Эльдаровна Суханова,2024,Химия,60.4,8.5,34.4,"клх Усть-Баргузин, алл. Слободская, д. 340 к. 3, 886559",+7 (212) 423-8682,Очная,52,43,40,88,79
Оксана Львовна Семенова,2023,Химия,65.4,8.0,36.7,"г. Касимов, пер. Тихий, д. 4/3 стр. 613, 379135",8 331 304 30 35,Вечерняя,67,70,47,78,65
Полякова Анна Вячеславовна,2024,Физика,83.0,9.4,46.2,"д. Санкт-Петербург, бул. Вавилова, д. 9/2, 878715",8 (227) 196-8611,Вечерняя,93,93,42,98,89
Осипова Анжела Богдановна,2021,История Беларуси,71.6,9.2,40.4,"д. Ржев, наб. Краснознаменная, д. 2 к. 86, 377089",+7 (207) 536-62-31,Заочная,93,83,44,69,69
Касьян Елизарович Моисеев,2025,Математика,69.0,9.1,39.0,"клх Каргополь, пер. Азина, д. 760 стр. 7/3, 944315",+7 850 098 05 75,Заочная,56,87,86,62,54
Фёкла Сергеевна Калинина,2024,Математика,62.4,6.5,34.4,"к. Таганрог, ш. Ивановское, д. 72 к. 91, 487172",8 (488) 995-58-79,Очная,53,41,50,90,78
Русакова Валентина Ефимовна,2025,Химия,82.2,8.5,45.4,"клх Байкальск, пр. 8 Марта, д. 817, 443949",8 (761) 164-65-34,Вечерняя,99,73,77,89,73
Русаков Герасим Бориславович,2021,Биология,74.8,8.2,41.5,"д. Воткинск, ул. Октябрьская, д. 99 стр. 226, 897925",8 625 188 79 61,Очная,54,66,90,73,91
Чернова Людмила Ждановна,2025,Математика,71.4,8.5,40.0,"к. Павловский Посад, наб. Партизанская, д. 3 стр. 408, 714289",+7 414 724 0940,Вечерняя,72,63,54,99,69
Сидорова Лукия Робертовна,2021,Химия,60.2,7.8,34.0,"клх Баргузин, пер. Тукая, д. 3/2, 619222",8 (216) 511-63-29,Вечерняя,90,56,44,68,43
Панфилова Вера Юльевна,2025,Математика,63.8,7.8,35.8,"ст. Колпашево, алл. Подлесная, д. 177 к. 1/2, 060232",+7 632 731 4997,Вечерняя,56,49,56,99,59
Иларион Филимонович Егоров,2024,Математика,60.6,6.8,33.7,"г. Улан-Удэ, пр. Ольховый, д. 8 стр. 608, 306417",8 792 113 49 60,Заочная,73,45,92,41,52
Касьян Филатович Мартынов,2025,Химия,79.0,6.5,42.8,"к. Находка, пер. Окружной, д. 5 стр. 605, 975606",8 (547) 619-18-26,Вечерняя,82,87,50,90,86
Костина Лидия Рубеновна,2024,Химия,72.4,8.8,40.6,"клх Боровск, бул. Невского, д. 996, 051083",8 863 190 5375,Заочная,94,55,70,50,93
Марфа Федоровна Колесникова,2021,Физика,64.8,9.6,37.2,"г. Тулпан, ул. Локомотивная, д. 384, 352819",8 (341) 643-0589,Заочная,43,79,43,95,64
Анна Вадимовна Кошелева,2022,История Беларуси,67.2,8.4,37.8,"с. Элиста, пер. Гончарова, д. 10 к. 4/2, 446517",8 (425) 711-4384,Вечерняя,42,66,68,71,89
г-н Кузнецов Осип Ааронович,2021,Биология,61.8,7.1,34.4,"д. Глазов, ул. Речная, д. 502, 711495",+7 678 576 67 04,Очная,90,58,60,44,57
Николай Ааронович Дмитриев,2023,Биология,50.0,7.8,28.9,"к. Малгобек, ш. Спортивное, д. 25 к. 831, 292973",8 (031) 304-39-38,Очная,61,60,45,40,44
Леонид Игнатович Трофимов,2021,История Беларуси,72.8,7.3,40.0,"ст. Жиганск, ш. Ставропольское, д. 75 стр. 38, 053816",+7 (954) 629-84-24,Вечерняя,65,85,73,88,53
Орлов Аникей Андреевич,2025,Математика,72.2,8.5,40.4,"клх Шахты, алл. Пушкинская, д. 8, 995443",8 (498) 034-2800,Заочная,66,48,65,96,86
Зуев Виктор Владиславович,2021,Физика,83.8,6.2,45.0,"клх Кырен, ш. Кошевого, д. 373 стр. 979, 378730",+7 (154) 424-83-58,Вечерняя,86,95,69,82,87
г-жа Носова Прасковья Юрьевна,2024,Математика,63.0,8.4,35.7,"с. Мостовской, наб. Украинская, д. 95 стр. 8/9, 871008",+74116979531,Вечерняя,65,75,40,47,88
Ратибор Игнатьевич Попов,2025,Химия,77.4,6.9,42.2,"ст. Петропавловск-Камчатский, ул. Прибрежная, д. 911 к. 4/5, 781826",8 (450) 141-82-11,Очная,91,54,86,95,61
Корнилов Валентин Марсович,2022,История Беларуси,57.2,9.0,33.1,"клх Певек, ул. Карбышева, д. 2/6 стр. 8, 647925",8 (022) 551-6086,Заочная,67,62,53,63,41
Терентьев Валентин Валерьевич,2025,Физика,76.4,8.7,42.6,"д. Невьянск, бул. Братский, д. 3/7 к. 4/2, 672224",+7 918 498 78 62,Очная,53,98,95,90,46
Макаров Валерьян Димитриевич,2021,История Беларуси,82.8,6.4,44.6,"п. Нижневартовск, ш. Крылова, д. 6/4 к. 98, 648894",+7 (812) 311-80-90,Вечерняя,62,85,82,86,99
Мартьян Гаврилович Муравьев,2022,История Беларуси,78.4,6.4,42.4,"ст. Петухово, бул. Добролюбова, д. 8/3 стр. 199, 329526",+7 942 137 8459,Заочная,97,77,74,90,54
Гаврилов Аникита Артурович,2023,Химия,72.8,7.3,40.0,"п. Терней, алл. 60 лет Октября, д. 75, 065956",8 (475) 230-99-26,Вечерняя,94,76,67,49,78
Лазарь Борисович Харитонов,2025,Биология,70.2,9.6,39.9,"г. Красногорск (Моск.), пр. Школьный, д. 86 к. 9/7, 926865",+7 (652) 582-9574,Вечерняя,78,61,65,83,64
Романов Нифонт Георгиевич,2024,Биология,51.4,8.6,30.0,"г. Листвянка (Иркут.), бул. Одесский, д. 3, 490073",+7 (873) 778-6015,Очная,59,64,43,49,42
Ильин Владлен Валерьянович,2022,История Беларуси,73.0,8.3,40.6,"д. Тулпан, ул. Тюленина, д. 4/3 стр. 1/4, 537927",8 (303) 247-1690,Вечерняя,57,86,75,86,61
Белоусова Ираида Аркадьевна,2021,Химия,71.0,7.5,39.2,"ст. Кажим, пр. Тракторный, д. 928, 794823",85478897656,Очная,47,79,88,83,58
Жанна Афанасьевна Борисова,2023,История Беларуси,70.0,7.0,38.5,"к. Тамбов, бул. Шаумяна, д. 8, 282076",8 (685) 301-0058,Вечерняя,76,45,91,65,73
Алексеев Радислав Глебович,2024,Биология,79.8,6.9,43.4,"с. Магас, алл. Родниковая, д. 52 стр. 5/3, 507512",+7 825 507 6613,Вечерняя,98,84,45,76,96
Фокин Пахом Давидович,2023,Физика,61.0,8.0,34.5,"п. Александровск, алл. Короткая, д. 6/6 стр. 2/7, 175708",+7 266 350 75 72,Вечерняя,61,60,45,45,94
Бажен Харитонович Самойлов,2023,Биология,64.2,9.6,36.9,"г. Радужный, пер. Волочаевский, д. 380, 841508",8 (280) 513-85-71,Вечерняя,69,50,69,70,63
Шубин Мартьян Даниилович,2024,Химия,75.0,8.8,41.9,"клх Урус-Мартан, пер. Специалистов, д. 66 к. 3/7, 654634",8 (773) 083-2998,Вечерняя,94,42,90,70,79
Кошелева Глафира Сергеевна,2024,Физика,55.6,9.9,32.8,"п. Архангельск, ул. Кузнецкая, д. 94 стр. 20, 320759",+78978062076,Вечерняя,63,70,45,41,59
Ладислав Якубович Евдокимов,2022,Химия,64.6,8.0,36.3,"п. Апрелевка, пр. Декабристов, д. 7 к. 11, 648199",+7 372 371 0430,Очная,43,54,45,93,88
Цветкова Дарья Семеновна,2021,Химия,71.6,8.1,39.8,"с. Энгельс, бул. Больничный, д. 6/4, 387136",+70161633370,Вечерняя,77,90,96,41,54
Михайлов Федот Брониславович,2022,Биология,73.2,6.7,40.0,"п. Аргаяш, ш. Хвойное, д. 9 к. 8, 727105",8 (665) 085-9251,Очная,65,90,84,83,44
Адам Адрианович Козлов,2025,Физика,65.0,8.9,37.0,"клх Волгодонск, ул. Сиреневая, д. 4/5 стр. 8/7, 197844",+7 (143) 297-9796,Вечерняя,93,43,58,59,72
Галина Георгиевна Суханова,2024,Математика,59.0,7.2,33.1,"клх Игарка, наб. Байкальская, д. 1 стр. 723, 214229",8 (431) 196-82-10,Заочная,51,86,40,65,53
Воронов Максимильян Денисович,2021,Химия,67.0,8.4,37.7,"д. Амдерма, ш. Прудовое, д. 990 к. 50, 214190",8 245 727 5203,Заочная,76,50,75,52,82
Стрелков Василий Ермолаевич,2021,Химия,64.4,6.3,35.4,"ст. Чокурдах, наб. Короленко, д. 710 к. 2/9, 725276",+7 524 548 53 23,Очная,45,89,95,49,44
Ольга Дмитриевна Евсеева,2021,Биология,59.2,6.4,32.8,"г. Усмань, ул. Пугачева, д. 4/6 стр. 377, 257891",88341509761,Заочная,83,41,52,79,41
Лапин Наум Ерофеевич,2025,История Беларуси,55.6,7.9,31.8,"д. Кингисепп, ш. Пригородное, д. 4 стр. 1, 301893",8 (049) 917-21-98,Заочная,76,48,56,48,50
Иннокентий Теймуразович Красильников,2022,Математика,76.8,9.7,43.2,"п. Жуковский, ул. Лазо, д. 9/2 к. 5, 199674",8 (183) 290-3704,Очная,77,94,74,69,70
Дарья Дмитриевна Уварова,2024,Физика,83.2,8.9,46.1,"клх Томпа, пер. Макарова, д. 17, 520093",+7 779 566 49 57,Заочная,99,83,89,53,92
Гущина Агафья Егоровна,2025,Биология,64.0,9.7,36.8,"п. Таштагол, ш. Папанина, д. 884, 000384",8 (425) 085-1738,Заочная,48,73,51,74,74
Аникей Ефимьевич Елисеев,2022,Математика,65.0,9.2,37.1,"клх Бологое, наб. Революции, д. 5/6, 840253",8 (434) 202-7009,Вечерняя,61,99,68,47,50
Любим Эдгардович Волков,2021,Физика,71.0,6.7,38.8,"к. Яшкуль, ш. Дачное, д. 2/8, 385337",+7 369 972 39 45,Вечерняя,53,99,69,74,60
Мир Федотович Зуев,2021,История Беларуси,63.4,7.3,35.4,"г. Белогорск (Амур.), наб. Торговая, д. 669 стр. 45, 711218",8 332 645 4490,Вечерняя,58,98,53,65,43
Казимир Эдгарович Мухин,2024,Химия,65.6,7.8,36.7,"г. Братск, алл. Линейная, д. 6/4 стр. 7/7, 410276",8 317 092 3595,Вечерняя,81,64,57,79,47
Елисей Аксёнович Антонов,2025,Биология,72.6,9.0,40.8,"ст. Курск, бул. Есенина, д. 403 стр. 114, 242572",+7 (972) 986-93-14,Заочная,53,71,90,77,72
Евфросиния Михайловна Емельянова,2021,Физика,63.6,7.6,35.6,"клх Находка, наб. Южная, д. 819, 019108",+7 (372) 142-38-69,Очная,54,72,64,56,72
Николаева Феврония Борисовна,2024,Биология,68.8,8.5,38.6,"п. Королев, наб. Гражданская, д. 579 стр. 9, 844969",+7 (845) 810-11-19,Очная,41,53,92,79,79
Регина Матвеевна Попова,2024,История Беларуси,53.6,8.9,31.2,"клх Невельск, алл. Ягодная, д. 2/1 к. 2/2, 501437",+7 006 026 9776,Вечерняя,90,45,45,42,46
Маргарита Оскаровна Самсонова,2024,Физика,76.0,8.0,42.0,"г. Салехард, бул. Халтурина, д. 1/7 к. 313, 456489",8 957 809 32 37,Очная,81,91,54,86,68
Бурова Нонна Харитоновна,2024,Биология,71.2,6.6,38.9,"клх Чокурдах, алл. Панфилова, д. 4, 528247",+7 070 675 7509,Вечерняя,69,78,66,75,68
Алла Никифоровна Белозерова,2024,Химия,76.0,6.1,41.0,"г. Кондопога, алл. Рябиновая, д. 80 стр. 381, 742392",80806912347,Вечерняя,72,76,66,94,72
тов. Устинов Касьян Арсеньевич,2023,История Беларуси,58.6,9.0,33.8,"д. Чикола, алл. Льва Толстого, д. 52, 231280",+7 (160) 435-9055,Очная,61,41,49,44,98
Никанор Яковлевич Комаров,2021,История Беларуси,75.6,9.4,42.5,"клх Калязин, наб. Мусы Джалиля, д. 1 к. 91, 316622",+72593577760,Очная,93,77,52,70,86
Никонова Ираида Руслановна,2022,История Беларуси,74.2,8.2,41.2,"клх Астрахань, ул. Звездная, д. 6 стр. 923, 606217",+7 174 418 76 79,Заочная,63,91,95,54,68
Иннокентий Тарасович Богданов,2023,Биология,66.4,8.9,37.7,"ст. Томпа, пер. Депутатский, д. 7/8 стр. 4, 644278",85840664982,Заочная,68,86,43,51,84
Юлия Филипповна Лобанова,2022,История Беларуси,80.0,8.9,44.4,"п. Черняховск, алл. Логовая, д. 9, 943657",8 (512) 644-0186,Заочная,70,90,90,75,75
Надежда Никифоровна Третьякова,2023,Физика,53.6,7.4,30.5,"г. Брянск, ш. Серова, д. 8/8 к. 10, 877629",+7 556 852 2458,Вечерняя,66,44,59,50,49
Некрасова Раиса Андреевна,2025,Химия,61.0,9.8,35.4,"ст. Аша, бул. З.Космодемьянской, д. 6, 631656",8 439 553 64 73,Заочная,45,47,62,86,65
Пономарева Надежда Викторовна,2021,История Беларуси,60.8,8.4,34.6,"д. Березники, наб. Малая, д. 1 к. 48, 330184",+77624572470,Вечерняя,51,65,52,79,57
Захарова Агафья Даниловна,2021,Химия,79.4,6.4,42.9,"д. Урай, наб. Лесная, д. 847, 565518",8 194 025 5782,Заочная,86,79,99,82,51
Артемьева Нинель Антоновна,2025,Химия,69.0,8.8,38.9,"г. Избербаш, алл. Коммунаров, д. 738, 865968",8 884 289 9299,Очная,87,43,44,95,76
Яков Жанович Дементьев,2023,Биология,80.6,6.3,43.4,"ст. Вуктыл, ул. Локомотивная, д. 9/5, 297335",87985854086,Вечерняя,81,88,67,70,97
Андреева Мария Тимофеевна,2024,Математика,74.0,9.7,41.8,"клх Тында, бул. Приозерный, д. 817, 899366",+7 647 580 5091,Заочная,90,68,53,79,80
Лихачев Пров Харлампович,2023,Химия,64.6,6.7,35.6,"д. Кулунда, ш. Ставропольское, д. 279, 799592",8 (635) 738-95-30,Заочная,62,40,85,76,60
Степанов Всеволод Александрович,2025,Физика,73.2,9.5,41.4,"с. Вилюйск, наб. Привольная, д. 72 к. 30, 401760",8 685 063 2950,Заочная,75,93,62,96,40
Елена Валериевна Тихонова,2022,Физика,75.4,7.5,41.4,"ст. Качканар, пер. Новгородский, д. 291, 646508",+7 (053) 310-62-90,Заочная,94,90,79,54,60
Харитонов Кондратий Васильевич,2021,Математика,75.2,6.0,40.6,"к. Волгоград, пр. Флотский, д. 3 стр. 2, 493870",8 (376) 850-4193,Вечерняя,92,48,49,91,96
Орлова Милица Григорьевна,2022,Биология,74.8,9.7,42.2,"ст. Теберда, ул. Покровская, д. 640 стр. 2, 053567",+7 977 459 91 75,Заочная,80,74,91,64,65
Амос Ермилович Вишняков,2022,Химия,56.6,9.7,33.2,"г. Рубцовск, ул. Элеваторная, д. 5/1 стр. 3, 181504",+7 (404) 667-5469,Заочная,41,46,57,66,73
Кошелев Конон Давыдович,2022,Математика,90.2,7.0,48.6,"д. Томари, наб. Иванова, д. 867 стр. 7/6, 708584",84458383017,Очная,82,98,83,98,90
Вера Эльдаровна Логинова,2023,Математика,67.6,9.7,38.6,"с. Магадан, ш. Слободское, д. 9 стр. 399, 089803",+7 (122) 916-50-78,Вечерняя,64,46,91,45,92
Киселев Венедикт Дорофеевич,2021,История Беларуси,72.8,6.1,39.4,"п. Чокурдах, пер. Азина, д. 7/1 к. 598, 655479",8 489 744 92 99,Вечерняя,88,68,82,61,65
Анжела Андреевна Александрова,2024,История Беларуси,61.8,7.8,34.8,"д. Калевала, ул. Курортная, д. 11, 029044",+7 (172) 557-3919,Вечерняя,60,88,46,56,59
Шарапова Валерия Ждановна,2023,Химия,71.8,8.0,39.9,"с. Тарко-Сале, ш. Огородное, д. 42, 012642",8 273 747 01 16,Заочная,59,93,61,67,79
Воронова Синклитикия Николаевна,2022,История Беларуси,58.8,7.7,33.2,"с. Балашов, бул. Черняховского, д. 9/2 к. 90, 193232",8 406 595 67 50,Вечерняя,40,71,52,69,62
Лаврентий Зиновьевич Марков,2025,Математика,72.2,8.5,40.4,"п. Псков, наб. Центральная, д. 637 к. 69, 821159",8 (460) 982-66-72,Очная,95,58,71,69,68
Виктория Мироновна Боброва,2025,Химия,65.8,6.3,36.0,"с. Кедровый, алл. Пархоменко, д. 38, 872019",+7 972 429 05 08,Заочная,68,69,55,79,58
Лазарев Эммануил Жанович,2024,Математика,71.8,8.1,39.9,"г. Тосно, ш. Чайкиной, д. 424 к. 51, 505561",8 347 828 69 48,Вечерняя,53,90,86,89,41
Демьян Викторович Шилов,2023,Химия,82.6,6.6,44.6,"ст. Калевала, бул. Карла Маркса, д. 9/2, 632669",+7 216 735 63 95,Очная,88,89,69,77,90
Волков Гаврила Артурович,2023,История Беларуси,65.4,9.0,37.2,"п. Москва, бул. Мостовой, д. 3/5, 384989",+71126077039,Вечерняя,40,47,68,94,78
Кондрат Харлампович Семенов,2025,Физика,62.8,7.6,35.2,"к. Качканар, бул. Кирпичный, д. 8/2 стр. 11, 842764",+7 864 178 57 18,Заочная,49,49,58,85,73
Евлампий Устинович Волков,2025,Математика,76.6,9.5,43.0,"с. Карпинск, пер. Окружной, д. 101 стр. 66, 868275",8 (328) 279-4463,Заочная,62,94,67,71,89
Лидия Борисовна Авдеева,2022,Химия,63.8,6.9,35.4,"ст. Кизляр, ш. Журавлева, д. 8 стр. 426, 850705",+7 (312) 968-7946,Очная,47,40,96,94,42
Зоя Ефимовна Лыткина,2024,История Беларуси,84.0,8.3,46.2,"п. Ростов, бул. Коммунистический, д. 7/8 стр. 2/1, 640511",81534771526,Очная,98,47,93,96,86
Клавдий Тимурович Горшков,2025,Химия,72.4,6.4,39.4,"к. Котлас, алл. Ульянова, д. 9/8, 152095",8 553 787 3283,Заочная,90,72,67,86,47
Мария Захаровна Афанасьева,2024,Физика,70.6,9.2,39.9,"к. Поярково, пер. Ростовский, д. 9/8 стр. 91, 601149",8 889 523 5142,Вечерняя,71,63,53,71,95
Ираида Никифоровна Колобова,2023,История Беларуси,71.6,6.8,39.2,"п. Советский, пер. Ярославский, д. 9/2 к. 32, 051544",81813315710,Очная,55,43,91,76,93
Маслова София Ефимовна,2021,Математика,70.8,8.5,39.6,"г. Когалым, ул. Степана Разина, д. 9/8 стр. 80, 113311",+7 972 720 39 85,Очная,70,94,87,57,46
Дмитриева Зинаида Григорьевна,2022,Химия,67.8,6.7,37.2,"г. Приморско-Ахтарск, пр. Казачий, д. 83 к. 77, 204833",+7 672 605 7948,Вечерняя,72,62,60,58,87
Гордеева Агата Рудольфовна,2024,Химия,68.0,9.6,38.8,"клх Троицко-Печорск, наб. Большая, д. 2 к. 41, 560551",+7 (454) 058-95-61,Вечерняя,75,68,99,57,41
Кошелева Полина Романовна,2025,Биология,55.0,7.5,31.2,"г. Нязепетровск, пр. Шоссейный, д. 843, 318594",8 (849) 317-8546,Вечерняя,44,59,50,81,41
Маргарита Евгеньевна Дементьева,2022,Биология,64.8,7.6,36.2,"г. Костомукша, ул. Леваневского, д. 99 к. 550, 609478",+7 (863) 145-8022,Заочная,94,51,59,44,76
Комарова Вера Болеславовна,2025,История Беларуси,73.0,6.9,40.0,"г. Нефтекамск, ш. Дарвина, д. 7, 297639",+74183546635,Вечерняя,69,48,73,92,83
Андроник Филатович Костин,2025,Химия,72.0,9.5,40.8,"клх Губкинский, ш. Клары Цеткин, д. 1 к. 783, 079388",+7 896 847 4161,Очная,97,61,83,63,56
Гедеон Елисеевич Дьячков,2023,Математика,82.2,7.7,45.0,"с. Братск, ул. Серова, д. 3/3, 913518",8 (973) 045-1757,Вечерняя,95,98,85,62,71
Амос Елисеевич Мухин,2024,Биология,65.2,8.8,37.0,"с. Дербент, алл. Кутузова, д. 495, 584828",89607325989,Вечерняя,90,56,53,48,79
Филиппов Сила Еремеевич,2022,Химия,68.8,9.3,39.0,"д. Змеиногорск, пр. Тургенева, д. 5 стр. 5, 033683",8 022 468 21 00,Очная,64,78,48,93,61
Галина Валериевна Попова,2022,Биология,71.4,8.8,40.1,"п. Теберда, ш. Новостройка, д. 9/5 стр. 69, 642913",+7 330 270 86 69,Очная,43,65,97,68,84
Алексеева Наталья Архиповна,2023,Математика,57.6,9.3,33.4,"с. Кузнецк, наб. Королева, д. 945 к. 93, 337649",+7 (588) 966-5081,Вечерняя,76,50,45,57,60
Юлиан Дорофеевич Якушев,2025,Биология,72.4,8.6,40.5,"п. Снежногорск (Мурм.), пр. Культуры, д. 9/5, 805084",+7 843 093 1953,Очная,80,77,73,56,76
Севастьян Устинович Соколов,2025,История Беларуси,76.6,6.6,41.6,"ст. Великий Устюг, пр. Водников, д. 761 к. 311, 056352",8 (114) 111-41-08,Заочная,97,51,62,92,81
Степан Вилорович Галкин,2023,Физика,68.6,8.4,38.5,"п. Муравленко, алл. Надежды, д. 21 к. 3/5, 669700",+7 (166) 585-79-78,Вечерняя,66,96,70,45,66
Соболев Дмитрий Тарасович,2022,Математика,73.8,8.3,41.0,"ст. Обнинск, пр. Дружбы, д. 1 стр. 251, 258451",89852155908,Очная,51,84,96,92,46
Попов Эдуард Давыдович,2022,Математика,69.0,7.7,38.4,"ст. Обнинск, алл. Димитрова, д. 6/2 к. 284, 088298",8 947 887 34 07,Очная,56,65,60,67,97
Фома Исидорович Игнатьев,2023,История Беларуси,71.0,6.3,38.6,"к. Глазов, ш. Рязанское, д. 9 к. 8, 389840",+7 (226) 824-1846,Очная,41,99,93,82,40
Цветкова Элеонора Робертовна,2024,История Беларуси,71.6,9.3,40.4,"г. Новороссийка, ш. Пионерское, д. 667, 301394",+7 (852) 852-2797,Заочная,75,90,65,68,60
Суханов Владилен Федосеевич,2022,Биология,77.8,8.4,43.1,"с. Сыктывкар, бул. Пугачева, д. 36, 662042",+7 (049) 231-80-65,Вечерняя,50,75,88,98,78
Якуб Ермолаевич Крюков,2025,Химия,81.8,9.7,45.8,"ст. Оха, наб. Почтовая, д. 7 к. 558, 060674",+7 274 457 81 06,Заочная,93,73,94,86,63
Корнил Артурович Сидоров,2024,Химия,76.6,8.2,42.4,"с. Нижний Тагил, пр. Новоселов, д. 4/3 к. 137, 583864",+7 (248) 607-31-43,Вечерняя,44,95,72,97,75
Нина Юрьевна Моисеева,2024,Физика,72.2,8.0,40.1,"клх Нурлат, бул. Речной, д. 7, 032045",+7 (505) 783-32-74,Очная,58,74,91,82,56
Логинова Оксана Станиславовна,2021,История Беларуси,70.4,7.9,39.2,"д. Бирск, алл. Щорса, д. 7, 466586",+7 176 103 99 49,Очная,84,82,73,48,65
Аполлинарий Демьянович Суворов,2021,Математика,54.2,8.0,31.1,"д. Бавлы, ш. Полевое, д. 9/2 стр. 92, 614986",+7 312 342 7799,Очная,48,48,79,56,40
Давыдова Людмила Кирилловна,2022,История Беларуси,76.8,6.3,41.6,"д. Чулым, пер. Вахитова, д. 39 к. 4, 420740",8 (131) 139-5771,Вечерняя,82,79,81,64,78
Александрова Кира Артемовна,2023,Математика,84.2,7.1,45.6,"с. Курчатов, наб. Солнечная, д. 5 к. 6, 146465",+7 (340) 134-9144,Заочная,89,76,83,83,90
Екатерина Львовна Пахомова,2023,Математика,68.2,9.2,38.7,"клх Москва, алл. Разина, д. 94, 303023",8 276 836 63 21,Очная,73,51,58,76,83
Зимина Зоя Леоновна,2023,Физика,76.6,8.1,42.3,"г. Лагань, наб. Дзержинского, д. 637 стр. 3/1, 082300",+7 265 812 6121,Заочная,88,56,49,96,94
Валерьян Васильевич Быков,2025,Химия,54.8,8.6,31.7,"г. Онега, алл. Клары Цеткин, д. 31, 810471",+7 (103) 067-1146,Заочная,51,55,63,58,47
Алина Анатольевна Трофимова,2022,История Беларуси,68.4,9.4,38.9,"д. Воркута, алл. Васильковая, д. 65, 845846",+7 857 692 5429,Вечерняя,56,62,76,93,55
Мельникова Нонна Николаевна,2023,Биология,58.0,8.8,33.4,"г. Северобайкальск, алл. Стахановская, д. 134 стр. 1/3, 594816",8 (147) 869-8139,Очная,64,57,64,51,54
Воронцов Амос Эдгарович,2024,История Беларуси,77.2,8.8,43.0,"г. Смоленск, пр. Металлистов, д. 48, 728358",8 (066) 081-96-12,Вечерняя,80,84,65,86,71
Яковлева Варвара Эльдаровна,2024,Химия,57.8,7.9,32.8,"ст. Избербаш, ш. Озерное, д. 87, 336764",+7 (726) 681-21-68,Очная,46,56,62,65,60
Лыткина Лидия Наумовна,2021,Химия,58.2,7.2,32.7,"д. Шумиха, алл. 9 мая, д. 222 стр. 41, 901004",8 (013) 055-24-29,Вечерняя,46,53,54,92,46
Прасковья Евгеньевна Корнилова,2023,Физика,76.6,9.2,42.9,"п. Лесной (Сверд.), пер. Шишкина, д. 9/1 к. 4, 624186",+7 (002) 124-21-23,Вечерняя,87,47,89,98,62
Алина Харитоновна Андреева,2024,Химия,76.4,7.3,41.8,"с. Певек, пр. З.Космодемьянской, д. 4, 972424",8 631 808 45 88,Вечерняя,70,69,91,78,74
Владимиров Антонин Елизарович,2023,Физика,67.6,7.5,37.6,"к. Урус-Мартан, пр. Иркутский, д. 19 стр. 7, 096008",+7 (539) 522-0853,Вечерняя,81,78,56,53,70
Мария Харитоновна Муравьева,2021,Биология,76.2,8.8,42.5,"клх Гдов, пер. Бажова, д. 2 стр. 4/5, 471481",+7 (713) 369-6230,Очная,83,99,84,73,42
Синклитикия Борисовна Некрасова,2025,Математика,76.6,8.3,42.4,"г. Чита, пр. Крымский, д. 102 к. 849, 788741",+7 (924) 327-2965,Заочная,79,65,94,62,83
Акулина Альбертовна Колобова,2023,Химия,71.0,7.3,39.2,"клх Шарья, ул. Маркса, д. 3/9 к. 83, 031327",8 977 179 5429,Заочная,95,88,43,68,61
Анна Антоновна Большакова,2024,Математика,69.8,9.5,39.6,"ст. Лотошино, бул. Ростовский, д. 6/8 стр. 8, 218215",+77694097167,Вечерняя,57,72,55,84,81
Прохоров Валерьян Фёдорович,2022,История Беларуси,72.6,6.1,39.3,"г. Тарко-Сале, ул. Крестьянская, д. 47 стр. 7, 090720",+7 (977) 976-44-73,Вечерняя,41,94,74,81,73
Лихачев Юрий Денисович,2025,Химия,65.2,9.7,37.4,"г. Казань, бул. Подлесный, д. 139, 369666",+72991783578,Заочная,94,52,52,57,71
Азарий Андреевич Федосеев,2023,Математика,84.0,9.1,46.6,"клх Кандалакша, бул. Труда, д. 51 к. 18, 580829",+7 111 973 5848,Заочная,98,78,85,91,68
Ираида Тимуровна Веселова,2024,Биология,78.8,9.5,44.2,"клх Агинское (Забайк.), алл. Урицкого, д. 6/2, 488837",+7 (461) 056-92-52,Очная,68,92,83,96,55
Милица Ниловна Мухина,2024,История Беларуси,72.8,7.3,40.0,"клх Новочеркасск, алл. Жданова, д. 32 стр. 305, 282387",8 (550) 199-4427,Вечерняя,86,96,49,69,64
Вениамин Германович Афанасьев,2021,Биология,60.0,6.4,33.2,"п. Старая Русса, пр. Дальний, д. 8 к. 97, 472628",+7 545 072 0124,Вечерняя,59,44,40,69,88
Маргарита Эльдаровна Петрова,2022,Химия,69.8,8.9,39.4,"клх Устюжна, ул. Лесозаводская, д. 6/1 стр. 72, 645318",85219529568,Вечерняя,53,95,69,89,43
Мартын Трифонович Константинов,2023,Математика,71.8,10.0,40.9,"ст. Шилка, наб. Заовражная, д. 9/1 к. 5/7, 436577",8 242 696 0908,Заочная,76,64,87,40,92
Стоян Виленович Тарасов,2024,Химия,69.8,6.5,38.2,"ст. Шуя, пр. Карбышева, д. 8/1 к. 31, 072635",8 (209) 651-00-23,Вечерняя,48,54,88,96,63
Милица Константиновна Зайцева,2024,Биология,85.8,8.4,47.1,"п. Домбай, бул. Короткий, д. 61, 989708",8 (580) 128-1499,Вечерняя,98,97,76,76,82
Дарья Эдуардовна Анисимова,2023,История Беларуси,74.2,9.6,41.9,"п. Усть-Катав, бул. Надежды, д. 6/2 стр. 8/3, 589511",+7 (198) 581-11-20,Заочная,78,95,85,63,50
Прасковья Александровна Антонова,2023,Химия,63.4,6.9,35.2,"п. Плесецк, пр. Высоцкого, д. 68, 555502",83186481304,Вечерняя,73,64,46,91,43
Гедеон Архипович Федоров,2021,История Беларуси,80.4,8.1,44.2,"д. Губкинский, ул. Пожарского, д. 4/2 стр. 17, 024166",8 513 803 8778,Вечерняя,59,68,93,92,90
Ширяев Виталий Устинович,2022,Физика,73.0,6.1,39.6,"г. Кежма, наб. Лазо, д. 2 к. 3, 497552",+7 (086) 141-9748,Очная,49,82,73,96,65
Нина Тарасовна Гусева,2023,История Беларуси,64.6,6.2,35.4,"г. Артем, алл. Зои Космодемьянской, д. 7/8 к. 4, 263613",8 (331) 883-23-84,Очная,97,42,95,45,44
Лазарева Татьяна Ниловна,2024,Химия,71.6,8.4,40.0,"д. Северо-Курильск, бул. Щербакова, д. 7/7 стр. 7/5, 995372",89085881929,Заочная,86,62,88,48,74
Игнатьев Всемил Адрианович,2021,Химия,86.0,8.0,47.0,"ст. Арзамас, алл. Монтажников, д. 22 стр. 6/9, 461426",8 (950) 571-31-23,Очная,88,98,81,74,89
Куликов Ростислав Ерофеевич,2023,Химия,61.2,6.9,34.1,"с. Печора, ш. Лунное, д. 484 стр. 7, 892948",+72923609644,Вечерняя,56,63,42,71,74
Егоров Филарет Ефимьевич,2021,Биология,67.2,8.3,37.8,"клх Звенигород, пр. Кузнецкий, д. 52, 887859",+7 (416) 385-68-43,Заочная,95,86,64,48,43
Матвеев Гедеон Юлианович,2023,История Беларуси,68.0,7.1,37.6,"ст. Снежинск, пер. Энтузиастов, д. 987 к. 886, 211140",+7 647 141 8841,Очная,73,50,80,95,42
Марков Евстигней Артёмович,2024,Математика,59.0,9.4,34.2,"клх Тавда, наб. Горького, д. 2 стр. 3, 163296",+7 217 173 87 41,Вечерняя,68,48,42,64,73
Коновалов Адриан Аксёнович,2025,История Беларуси,57.8,8.9,33.4,"с. Череповец, ш. Ушакова, д. 95, 822411",8 764 470 85 65,Заочная,48,54,79,64,44
Юлия Тимуровна Фокина,2023,Физика,73.2,7.0,40.1,"с. Витим, пр. Рыбацкий, д. 9 стр. 6, 139542",+7 818 396 03 74,Вечерняя,73,63,99,54,77
Андреев Аверкий Венедиктович,2022,История Беларуси,59.6,9.8,34.7,"п. Онега, ул. Целинная, д. 695 стр. 128, 674363",89417014578,Очная,44,87,65,57,45
Пров Димитриевич Сидоров,2024,Математика,60.4,9.4,34.9,"ст. Сковородино, ш. Октябрьское, д. 99 к. 22, 272195",+7 (466) 474-59-07,Очная,87,52,67,44,52
Галина Юльевна Кулагина,2022,Физика,78.4,9.3,43.8,"ст. Эльбрус, пр. Войкова, д. 3/8, 142812",89057635665,Заочная,79,84,71,68,90
Елена Дмитриевна Титова,2025,Математика,78.4,9.5,44.0,"с. Пушкино (Моск.), пр. Дарвина, д. 14, 505762",+7 182 893 8659,Вечерняя,95,79,73,79,66
Лидия Руслановна Рогова,2023,Химия,58.6,8.6,33.6,"п. Киржач, пер. Курский, д. 8/3, 184652",8 997 433 03 34,Вечерняя,72,45,63,58,55
Петров Авксентий Эдуардович,2024,Математика,87.0,7.3,47.2,"ст. Кызыл, алл. Уральская, д. 8 к. 2, 851164",8 (848) 339-2758,Заочная,72,98,98,87,80
Логинов Агап Витальевич,2023,Химия,79.2,8.5,43.8,"г. Шамары, бул. Трудовой, д. 5, 431442",80906852142,Заочная,84,64,92,81,75
Никифор Герасимович Лобанов,2022,Математика,69.6,9.8,39.7,"г. Минусинск, наб. Портовая, д. 965 стр. 98, 487348",+7 812 886 32 78,Очная,77,99,46,44,82
г-н Третьяков Демид Демидович,2025,Математика,79.8,6.5,43.2,"п. Верхотурье, наб. Орджоникидзе, д. 69 к. 2, 446457",8 (282) 620-7017,Заочная,96,90,70,62,81
Федоров Вацлав Феодосьевич,2022,Математика,78.2,6.0,42.1,"клх Курильск, наб. Брянская, д. 2, 288995",+7 (032) 998-8117,Заочная,82,92,69,78,70
Василий Демидович Самсонов,2023,Биология,53.0,6.0,29.5,"к. Магнитогорск, наб. Волкова, д. 649 стр. 1/7, 308193",8 (409) 555-13-67,Очная,41,53,52,68,51
Евпраксия Львовна Сергеева,2024,Химия,72.4,8.2,40.3,"с. Тихвин, бул. Папанина, д. 2 стр. 181, 621606",+7 729 830 40 25,Вечерняя,71,52,85,66,88
Сафонов Анатолий Демьянович,2025,Математика,76.8,9.3,43.0,"п. Верхний Уфалей, пр. Воровского, д. 4 стр. 7/7, 242766",+7 204 217 52 90,Очная,79,70,73,99,63
Всемил Александрович Воронцов,2021,Химия,61.0,8.2,34.6,"г. Новгород Великий, алл. Казанская, д. 4/9 к. 766, 298085",+7 902 058 05 61,Заочная,87,45,58,69,46
Пестова Лариса Робертовна,2022,Математика,72.8,9.7,41.2,"клх Славгород, ш. Калужское, д. 16, 688818",+7 (524) 476-51-91,Заочная,71,73,67,99,54
Герасим Жанович Тихонов,2021,Химия,60.4,9.1,34.8,"п. Москва, МГУ, пер. Прудовой, д. 399 к. 1, 782937",8 (475) 324-37-68,Очная,68,61,43,59,71
Панова Марфа Святославовна,2021,Химия,55.4,8.8,32.1,"ст. Дно, наб. Павлова, д. 9 стр. 25, 436999",+7 (131) 874-38-44,Очная,43,66,56,51,61
Севастьян Гордеевич Новиков,2025,Биология,70.8,6.2,38.5,"п. Пятигорск, ш. Ломоносова, д. 91 к. 89, 775967",+7 311 096 69 06,Заочная,93,40,61,65,95
Василиса Николаевна Федотова,2025,Химия,69.4,9.0,39.2,"с. Петухово, наб. Осенняя, д. 829 к. 2, 837350",86282337856,Заочная,89,53,86,68,51
Филарет Денисович Титов,2022,Математика,66.0,6.1,36.0,"ст. Назрань, бул. Надежды, д. 2, 701663",8 (806) 320-77-59,Заочная,74,91,51,46,68
Константинов Ярополк Трофимович,2022,Химия,69.2,7.0,38.1,"п. Муравленко, наб. Курская, д. 2/2 к. 6, 315405",+7 (457) 185-45-82,Заочная,45,86,54,71,90
Субботина Евдокия Аркадьевна,2022,История Беларуси,71.6,10.0,40.8,"к. Игарка, бул. Речной, д. 3, 526109",+7 (587) 322-79-85,Заочная,62,65,73,85,73
Некрасов Софрон Тихонович,2022,Физика,68.0,8.1,38.0,"к. Озеры, бул. Минина, д. 363 стр. 159, 179403",+7 545 391 3637,Очная,56,74,52,80,78
Гришин Мир Егорович,2022,Физика,69.6,6.3,37.9,"к. Аша, пер. З.Космодемьянской, д. 682, 036132",+7 252 511 98 89,Очная,68,68,50,91,71
Лапин Епифан Тихонович,2025,Химия,57.8,9.5,33.6,"ст. Завьялиха, бул. Заречный, д. 60 к. 5, 707665",+7 (144) 302-1909,Вечерняя,53,59,61,50,66
Васильева Ольга Мироновна,2022,Физика,74.6,9.6,42.1,"к. Данков, пр. Орджоникидзе, д. 5 стр. 928, 739523",+79464015004,Вечерняя,83,95,67,68,60
Марфа Владиславовна Карпова,2022,Физика,67.2,7.1,37.2,"д. Североморск, алл. Проточная, д. 585, 724218",+7 (457) 708-4232,Вечерняя,76,98,59,45,58
Степан Фомич Петров,2024,Математика,75.2,8.9,42.1,"к. Боровск, алл. 8 Марта, д. 622, 458403",8 251 421 60 52,Заочная,42,98,40,97,99
Пахом Игнатьевич Крылов,2021,Биология,72.4,7.5,40.0,"клх Усть-Камчатск, бул. Молодежный, д. 9 к. 6/3, 481888",8 (717) 824-87-47,Очная,73,74,88,64,63
Андреева Светлана Леонидовна,2021,Биология,61.0,6.6,33.8,"с. Соль-Илецк, пер. Мая 1, д. 686, 374429",+74258577476,Очная,54,83,55,66,47
Шубина Жанна Афанасьевна,2025,История Беларуси,65.4,9.1,37.2,"клх Темрюк, наб. Кочубея, д. 41 стр. 37, 600634",+79549959766,Заочная,64,56,68,92,47
Прохоров Сократ Юльевич,2023,Физика,70.6,9.2,39.9,"с. Певек, пер. Торговый, д. 6/6 стр. 98, 430300",+7 207 226 0352,Заочная,85,89,91,46,42
Октябрина Тарасовна Филатова,2024,Математика,86.8,8.5,47.6,"п. Черемхово, ш. Тургенева, д. 5/8 стр. 987, 273536",8 (470) 233-91-01,Заочная,83,92,63,99,97
Ангелина Кузьминична Савельева,2024,Физика,65.0,8.4,36.7,"г. Серебряные Пруды, бул. Севастопольский, д. 6, 524200",8 726 931 0102,Очная,85,54,64,69,53
Нестеров Парфен Юльевич,2022,История Беларуси,68.4,6.9,37.7,"ст. Камышлов, ш. Лермонтова, д. 1 к. 6/8, 963014",8 718 284 4452,Вечерняя,83,59,75,48,77
Давыдов Мокей Адрианович,2023,Математика,87.4,8.4,47.9,"клх Южно-Курильск, наб. Ударная, д. 8/4, 554455",8 476 248 6514,Заочная,99,61,93,92,92
Васильев Самуил Валерьевич,2024,Химия,50.4,7.9,29.2,"клх Кандалакша, пер. Снежный, д. 29 стр. 9/8, 864560",+7 (907) 200-5800,Вечерняя,47,50,52,56,47
Леонид Иосипович Фомичев,2021,Математика,73.4,8.9,41.2,"ст. Юрьевец (Иван.), алл. Полярная, д. 841 стр. 4/7, 636645",+73560905266,Очная,69,57,85,86,70
Ольга Анатольевна Зимина,2023,История Беларуси,73.8,9.1,41.4,"д. Вендинга, ш. Набережное, д. 3/9, 715221",+7 (373) 955-03-91,Вечерняя,50,84,64,72,99
Терентьев Всемил Елисеевич,2021,Биология,62.2,6.6,34.4,"ст. Каменск-Шахтинский, ш. Городское, д. 5/5, 720208",84970286577,Очная,47,50,61,90,63
Гусев Юлиан Всеволодович,2021,Математика,71.4,8.0,39.7,"д. Красноселькуп, пр. Мичурина, д. 20 к. 5, 556690",+7 863 526 4173,Заочная,51,96,85,71,54
Дорофеев Родион Фомич,2025,Математика,61.6,9.1,35.4,"п. Ивдель, наб. Геологов, д. 6/4 к. 3/1, 509090",8 915 005 44 18,Вечерняя,61,67,59,72,49
Рябов Милан Федосеевич,2022,Химия,74.6,6.4,40.5,"д. Белореченск, алл. Подлесная, д. 1/3, 998140",+7 668 152 3931,Заочная,89,99,72,41,72
Боброва Евдокия Владиславовна,2022,Биология,67.2,7.4,37.3,"ст. Тихорецк, пр. Союзный, д. 707 стр. 7/6, 250290",+7 436 901 55 09,Заочная,52,69,72,52,91
Голубева Тамара Макаровна,2025,История Беларуси,67.8,8.8,38.3,"п. Чегем, пер. Ленинградский, д. 44, 976262",+7 905 665 63 22,Заочная,78,41,77,78,65
Майя Ивановна Фадеева,2022,Биология,78.2,8.7,43.4,"ст. Юрьев-Польский, наб. Кленовая, д. 9 к. 4/4, 154536",+7 313 278 01 45,Вечерняя,89,54,73,81,94
Валерий Терентьевич Назаров,2021,Математика,62.8,8.4,35.6,"д. Корсаков, алл. Ильича, д. 224 к. 8/6, 103544",8 (243) 937-83-98,Заочная,79,50,42,98,45
Евфросиния Сергеевна Агафонова,2023,Биология,69.4,8.8,39.1,"с. Зеленоград, пр. Вольный, д. 885 стр. 70, 666123",8 (758) 234-5365,Вечерняя,48,78,70,71,80
Синклитикия Робертовна Фомичева,2025,Математика,61.8,7.4,34.6,"д. Каменск-Шахтинский, пр. 50 лет Победы, д. 6 стр. 6/7, 579809",+77363245628,Заочная,47,47,89,67,59
Евгения Игоревна Соболева,2023,Биология,61.6,8.2,34.9,"клх Дудинка, ул. Репина, д. 3/3 стр. 3/1, 956657",8 575 188 17 83,Заочная,98,46,50,59,55
Гуляев Тарас Егорович,2023,Химия,69.0,6.7,37.8,"ст. Середниково, алл. Кавказская, д. 9/3 стр. 35, 070566",+7 283 327 36 93,Очная,97,61,65,42,80
Фёкла Кузьминична Блохина,2024,Физика,60.8,7.0,33.9,"с. Жуковский, ул. Чкалова, д. 417, 263029",81123152191,Заочная,53,50,57,93,51
Попова Ксения Федоровна,2023,История Беларуси,77.4,7.3,42.4,"д. Нефтеюганск, бул. Лазо, д. 10 стр. 46, 603329",+79304917062,Заочная,52,64,84,90,97
Акулина Даниловна Лыткина,2024,Биология,71.8,9.2,40.5,"д. Быково (метеост.), наб. Рабочая, д. 9/9 к. 39, 891416",8 (585) 383-0322,Вечерняя,85,75,84,47,68
Аскольд Изотович Никонов,2022,Математика,79.0,6.1,42.6,"к. Усинск, бул. Волочаевский, д. 486 стр. 7/2, 626299",8 293 814 7749,Заочная,94,71,90,83,57
Пахом Фролович Блохин,2021,Биология,72.2,9.9,41.1,"ст. Березники, ул. Техническая, д. 3/9 к. 7, 420851",8 172 117 98 86,Вечерняя,58,61,76,71,95
Николай Владленович Семенов,2021,Физика,64.4,6.9,35.7,"г. Тольятти, наб. Лесозаводская, д. 951, 957479",+7 (908) 959-3873,Заочная,42,67,49,90,74
Регина Геннадьевна Артемьева,2024,Биология,63.2,6.7,35.0,"п. Великие Луки, пр. Транспортный, д. 13, 936040",8 271 000 4109,Заочная,93,54,72,46,51
Пахомова Анна Георгиевна,2025,Физика,69.8,8.5,39.2,"клх Новокузнецк, ш. Кавказское, д. 1 стр. 6/6, 619665",8 216 034 84 84,Заочная,60,70,97,63,59
г-жа Дроздова Полина Аскольдовна,2025,История Беларуси,74.2,8.2,41.2,"г. Шали, пр. Выгонный, д. 316 стр. 51, 706293",8 (390) 290-4369,Вечерняя,67,83,59,99,63
Таисия Михайловна Мамонтова,2021,Физика,82.6,8.9,45.8,"г. Рубцовск, алл. Хвойная, д. 59, 784638",+7 424 588 1279,Вечерняя,90,71,80,75,97
Григорьева Феврония Борисовна,2021,Химия,63.6,7.7,35.6,"г. Северо-Курильск, ш. Шмидта, д. 2 к. 386, 273146",8 513 315 4575,Очная,75,41,54,73,75
Фомина Галина Павловна,2023,Химия,90.2,7.4,48.8,"клх Рыльск, наб. Веселая, д. 504, 275998",83339321687,Очная,81,90,90,97,93
Гурьев Гордей Тимурович,2021,История Беларуси,64.4,8.9,36.7,"ст. Тихорецк, пр. Таманский, д. 696 к. 1/6, 781366",+7 (155) 820-00-12,Очная,42,84,57,79,60
Александра Натановна Петухова,2024,Химия,69.6,8.4,39.0,"с. Амурск, ул. Малая, д. 49 к. 92, 670522",8 546 529 9350,Очная,74,65,47,75,87
Анжела Вячеславовна Полякова,2023,Химия,62.2,6.7,34.4,"г. Карачаевск, алл. Кирпичная, д. 6 к. 5, 793763",+76882904763,Заочная,81,83,53,53,41
Радован Ефимьевич Лукин,2022,История Беларуси,75.6,9.5,42.6,"с. Прохладный, алл. Иркутская, д. 32, 280871",+7 071 036 9669,Вечерняя,44,77,84,80,93
Борис Бориславович Зуев,2023,Физика,75.2,8.7,42.0,"ст. Минусинск, ш. Новостройка, д. 4 к. 8, 824394",+7 770 502 8621,Заочная,86,53,95,78,64
Жанна Юрьевна Степанова,2023,История Беларуси,68.2,9.9,39.1,"д. Макаров, ул. Ягодная, д. 5/5 к. 2/9, 331038",+7 084 808 46 32,Вечерняя,78,45,56,98,64
Викторин Ермилович Фомин,2024,Биология,55.0,9.1,32.0,"п. Уварово, алл. Городская, д. 6/6, 609527",+7 563 472 8978,Вечерняя,41,74,76,44,40
Нина Анатольевна Алексеева,2021,Химия,80.4,6.9,43.7,"к. Усть-Баргузин, ш. Больничное, д. 5/4, 082715",87254607260,Заочная,95,75,84,62,86
Татьяна Семеновна Щербакова,2025,Математика,58.4,8.1,33.2,"клх Липецк, бул. Дружба, д. 1, 989864",8 320 934 6341,Очная,49,42,93,53,55
Любомир Жанович Исаев,2024,Математика,57.8,7.8,32.8,"п. Тимашевск, пр. Льва Толстого, д. 28, 141355",8 813 106 0668,Очная,49,51,69,80,40
Кулакова Евдокия Андреевна,2022,История Беларуси,63.2,6.7,35.0,"к. Шилка, ш. Харьковское, д. 8/5, 478820",+7 923 957 42 10,Очная,47,82,51,40,96
Меркушев Конон Исидорович,2024,Химия,76.0,7.4,41.7,"клх Ногинск (Моск.), ул. Раздольная, д. 1 стр. 921, 271304",8 (303) 265-0457,Вечерняя,59,67,96,82,76
Таисия Дмитриевна Родионова,2025,История Беларуси,79.6,9.2,44.4,"с. Белый Яр (Томск.), бул. Болотный, д. 244 стр. 6, 080705",8 881 180 0656,Очная,51,76,88,88,95
Пантелеймон Архипович Кононов,2021,Биология,67.0,8.2,37.6,"п. Кириши, алл. Павлова, д. 9 к. 4/6, 634757",88667428383,Заочная,67,86,54,45,83
Анжелика Викторовна Прохорова,2023,История Беларуси,58.0,8.1,33.0,"клх Охотск, алл. Большая, д. 15 к. 4, 688028",8 654 867 3539,Вечерняя,59,89,53,41,48
Николай Исидорович Ершов,2022,Математика,65.2,6.9,36.1,"к. Поярково, пр. Базарный, д. 1/6 к. 77, 923651",+7 599 172 2400,Заочная,59,65,68,40,94
Валерия Анатольевна Воронова,2025,Биология,76.4,8.0,42.2,"г. Новомосковск, ш. Авиационное, д. 42, 516761",8 362 295 68 46,Очная,76,92,98,44,72
Калашникова Ия Михайловна,2025,Биология,67.2,7.9,37.6,"клх Уренгой, наб. Мичурина, д. 7/7, 401268",8 757 641 2552,Вечерняя,53,51,81,59,92
Корнилова Таисия Васильевна,2022,Биология,81.2,9.9,45.6,"клх Моршанск, пер. Мелиоративный, д. 9/4 стр. 8, 228852",8 831 068 3876,Очная,98,82,73,64,89
Гусев Еремей Августович,2021,Химия,82.2,8.0,45.1,"клх Абакан, пр. Есенина, д. 904 к. 6, 708524",+7 213 451 87 08,Очная,78,70,95,86,82
Шашков Аникей Архипович,2023,Физика,73.0,6.6,39.8,"ст. Быково (метеост.), пр. Пожарского, д. 1 стр. 248, 629031",8 (496) 384-15-60,Очная,83,77,59,62,84
Гурьева Ульяна Евгеньевна,2022,Биология,82.0,9.9,46.0,"клх Тайшет, бул. Курганный, д. 817 стр. 48, 895292",8 (868) 434-69-65,Заочная,89,81,99,94,47
Полина Викторовна Федосеева,2023,Химия,64.0,6.9,35.4,"г. Муравленко, наб. Заречная, д. 71 к. 93, 716574",+79435354674,Заочная,40,94,47,68,71
Осипова Маргарита Семеновна,2021,Физика,69.2,9.4,39.3,"ст. Карабудахкент, пр. Октябрьский, д. 1/1, 287861",+7 101 469 7912,Очная,86,61,86,73,40
Григорий Терентьевич Лыткин,2022,Биология,70.8,7.0,38.9,"клх Ревда (Сверд.), бул. Краснопартизанский, д. 40, 501366",+75373896354,Вечерняя,65,82,49,69,89
Амвросий Артемьевич Михайлов,2023,Химия,73.0,6.1,39.6,"клх Соль-Илецк, пер. Некрасова, д. 58 стр. 1, 424130",8 (248) 809-01-37,Вечерняя,65,47,86,79,88
Амвросий Эдгарович Горшков,2023,Химия,62.2,8.4,35.3,"с. Усолье Сибирское, ш. Беляева, д. 6 стр. 77, 965586",+7 017 865 8994,Заочная,47,64,85,43,72
Мечислав Виленович Муравьев,2023,Химия,71.4,8.6,40.0,"с. Северо-Курильск, ш. Тенистое, д. 3 к. 5/3, 300074",8 (610) 670-86-90,Вечерняя,70,55,53,92,87
Осипов Всемил Иосифович,2023,Химия,61.4,7.3,34.4,"д. Кашхатау, наб. Ростовская, д. 2 к. 1/6, 483753",+7 (607) 705-95-70,Заочная,65,67,41,89,45
Севастьян Андреевич Куликов,2021,Химия,71.0,9.1,40.0,"п. Вилюйск, ш. Станиславского, д. 7 стр. 11, 426176",8 (069) 104-6097,Вечерняя,72,80,64,87,52
Евгений Гертрудович Овчинников,2025,Физика,59.0,8.6,33.8,"п. Набережные Челны, ш. Родниковое, д. 3 стр. 8/4, 147686",+7 711 953 74 47,Очная,52,70,80,50,43
Крюков Корнил Ильич,2025,Химия,68.0,9.2,38.6,"клх Липецк, пр. Шишкина, д. 9, 332512",83146106250,Очная,77,85,43,77,58
Крюкова Синклитикия Ивановна,2021,Биология,61.8,9.5,35.6,"к. Сухиничи, бул. Королева, д. 65 стр. 29, 449186",+7 162 171 94 21,Заочная,57,52,80,62,58
Емельянова Анна Игоревна,2023,Биология,61.2,7.3,34.2,"д. Стрежевой, алл. Азина, д. 3, 222260",84371514060,Заочная,40,63,93,46,64
Дементьев Авксентий Терентьевич,2025,Физика,57.6,8.8,33.2,"г. Магадан, пр. Зои Космодемьянской, д. 59 стр. 8, 828690",8 996 538 5809,Вечерняя,40,51,97,46,54
Клавдия Робертовна Комиссарова,2024,Химия,78.2,8.2,43.2,"п. Тамбов, ул. Песчаная, д. 9/7 к. 4/3, 962011",+7 (660) 540-55-28,Вечерняя,99,68,64,72,88
Лариса Кузьминична Кондратьева,2021,История Беларуси,69.8,8.4,39.1,"ст. Кизел, ул. Гастелло, д. 3/6, 809931",8 (757) 072-25-25,Вечерняя,74,83,77,65,50
Лазарь Артемьевич Быков,2024,Физика,62.6,8.0,35.3,"п. Сызрань, ш. Школьное, д. 519 стр. 994, 905656",82026216728,Заочная,85,53,49,41,85
Галкина Лариса Валентиновна,2021,Химия,60.0,7.9,34.0,"клх Махачкала, пр. Депутатский, д. 2/1, 044403",+72980565539,Очная,60,65,47,87,41
Петрова Вероника Владимировна,2021,Химия,68.0,6.6,37.3,"ст. Юрюзань, бул. Ворошилова, д. 2 стр. 387, 585683",+7 (548) 322-9332,Вечерняя,92,68,65,64,51
Григорьев Давыд Валерьянович,2022,Биология,75.0,8.4,41.7,"д. Славянск-на-Кубани, пр. Водопроводный, д. 9 стр. 592, 472805",8 (927) 055-4030,Заочная,87,76,54,83,75
Спиридон Елизарович Крылов,2022,Физика,73.6,8.9,41.2,"клх Чусовой, алл. Добролюбова, д. 810, 803607",8 (016) 457-55-46,Вечерняя,87,62,45,85,89
Милий Федосеевич Самсонов,2023,Физика,74.0,6.0,40.0,"д. Камышлов, пер. Больничный, д. 4/9 стр. 6, 284437",+7 (909) 874-18-51,Вечерняя,82,84,60,62,82
Трофим Александрович Ершов,2023,Математика,79.0,8.6,43.8,"п. Бреды, бул. Карьерный, д. 9 стр. 85, 756327",+76049400310,Заочная,86,92,99,54,64
Евлампий Денисович Гуляев,2021,Биология,59.8,7.4,33.6,"клх Кирово-Чепецк, бул. Щетинкина, д. 9 стр. 2/6, 932072",+7 (424) 405-7697,Заочная,90,54,43,60,52
Воронцов Ермил Гаврилович,2024,Химия,69.6,7.1,38.3,"клх Наро-Фоминск, пр. Алтайский, д. 89 к. 6, 700959",86335692350,Заочная,73,53,43,87,92
Степан Тимурович Мельников,2021,Биология,72.2,8.3,40.2,"п. Кемерово, бул. Восточный, д. 7, 801204",8 929 140 43 65,Заочная,66,68,86,67,74
Варвара Егоровна Фокина,2024,Математика,64.6,7.1,35.8,"к. Хасан, пер. Казачий, д. 8 стр. 5, 522823",80643119227,Очная,81,75,69,57,41
Ксения Эдуардовна Суханова,2022,Математика,58.2,6.5,32.4,"г. Комсомольск-на-Амуре, ул. Бабушкина, д. 6/3 к. 8/7, 417254",8 (651) 192-9763,Заочная,43,65,64,69,50
Виктория Андреевна Игнатова,2024,Физика,66.4,8.8,37.6,"с. Луховицы, алл. Некрасова, д. 765 к. 262, 140027",83935937149,Заочная,83,49,78,52,70
Клавдия Аскольдовна Ершова,2024,Химия,88.0,9.9,49.0,"г. Белогорск (Амур.), ш. Маяковского, д. 4/7 стр. 94, 491181",+7 613 002 1401,Очная,95,88,81,81,95
Денисов Панкрат Еремеевич,2023,Физика,63.0,7.5,35.2,"с. Уфа, бул. Ясный, д. 987 стр. 8, 448906",8 333 408 8756,Вечерняя,43,93,46,93,40
Белозерова Екатерина Альбертовна,2021,Математика,80.2,8.4,44.3,"клх Кизилюрт, бул. Томский, д. 7/6, 513273",+7 (399) 552-3287,Заочная,84,81,86,98,52
Ксения Николаевна Сысоева,2025,Физика,65.8,9.2,37.5,"клх Артем, ул. 50 лет Октября, д. 705, 491923",8 552 863 7600,Заочная,93,60,61,67,48
Светлана Кузьминична Константинова,2022,Биология,71.8,9.4,40.6,"к. Советский, пер. Панфилова, д. 1/8, 730241",8 (090) 844-8401,Заочная,54,49,63,97,96
Анатолий Чеславович Сидоров,2023,Биология,63.6,7.0,35.3,"г. Тутаев, алл. Железнодорожная, д. 2/2 к. 9/9, 096648",+7 097 197 79 32,Очная,47,63,55,88,65
Таисия Дмитриевна Маслова,2025,Физика,65.6,7.7,36.6,"д. Прохладный, бул. Вишневый, д. 236 к. 917, 412253",+7 (216) 018-5940,Вечерняя,43,89,63,58,75
Анастасия Борисовна Быкова,2021,Биология,60.6,6.6,33.6,"п. Верхний Уфалей, пер. Революционный, д. 38 к. 254, 174346",8 098 412 51 38,Заочная,49,64,57,58,75
Октябрина Егоровна Давыдова,2021,Физика,80.2,8.9,44.6,"с. Тверь, пер. Привольный, д. 1/7 к. 16, 423254",+7 945 075 0767,Вечерняя,94,89,44,86,88
Юлия Аркадьевна Дмитриева,2023,Химия,71.0,6.7,38.8,"г. Кириши, бул. Комарова, д. 5 к. 96, 710243",+7 866 189 8319,Очная,73,72,94,60,56
Евфросиния Оскаровна Ковалева,2021,Математика,63.4,8.2,35.8,"д. Смирных, алл. Почтовая, д. 20 стр. 81, 704769",8 206 465 4835,Вечерняя,76,54,74,67,46
Варвара Болеславовна Пахомова,2024,Математика,59.6,8.0,33.8,"г. Хасан, ш. 60 лет СССР, д. 77 к. 7/2, 071420",+7 155 065 43 12,Вечерняя,49,48,53,52,96
Любовь Богдановна Ситникова,2022,История Беларуси,55.6,7.6,31.6,"ст. Пенза, бул. Ягодный, д. 3/4 к. 6/4, 092258",8 125 049 21 37,Очная,41,74,46,60,57
Раиса Геннадьевна Александрова,2021,История Беларуси,77.8,10.0,43.9,"клх Азов (Рост.), ш. Добролюбова, д. 5/5 стр. 5, 253852",+7 (693) 438-61-26,Очная,93,78,80,88,50
Колесников Твердислав Арсенович,2023,История Беларуси,70.0,7.3,38.6,"с. Тарко-Сале, ул. Зои Космодемьянской, д. 87 стр. 89, 707927",+7 (764) 338-36-86,Заочная,99,85,58,43,65
Данилова Виктория Святославовна,2022,Математика,78.6,6.3,42.4,"п. Дно, пр. Высокий, д. 923, 709241",+7 (626) 544-86-17,Вечерняя,71,78,84,85,75
Лора Натановна Лапина,2021,Химия,56.8,7.5,32.2,"к. Воркута, пр. Иванова, д. 5/6 к. 71, 428363",8 291 453 83 24,Заочная,72,75,42,48,47
Козлова Елена Антоновна,2022,История Беларуси,59.6,8.1,33.8,"п. Ступино, ул. Авиационная, д. 5/3 к. 101, 335270",89075874211,Очная,45,80,78,43,52
Кудряшов Симон Харитонович,2021,Биология,66.6,8.6,37.6,"д. Новомосковск, пр. Первомайский, д. 7 к. 22, 333148",+7 938 122 0209,Вечерняя,41,99,44,83,66
Сергей Бориславович Самсонов,2021,История Беларуси,60.4,8.1,34.2,"г. Терскол, ул. Ушакова, д. 827 к. 453, 278066",8 456 049 39 02,Очная,47,77,47,89,42
Велимир Ильясович Калинин,2024,Химия,57.2,10.0,33.6,"д. Ярославль, ш. Станционное, д. 41 к. 7/7, 727872",80033593370,Вечерняя,97,42,61,45,41
Петрова Татьяна Александровна,2024,История Беларуси,64.2,7.8,36.0,"п. Новосибирск, пер. Громова, д. 12 стр. 79, 195798",8 746 037 9686,Заочная,41,77,56,74,73
Захар Гурьевич Федоров,2024,Биология,75.8,9.8,42.8,"п. Тында, бул. Николаева, д. 4 к. 938, 385250",8 (612) 647-4459,Заочная,91,47,61,83,97
Новикова Полина Оскаровна,2024,Физика,74.4,6.7,40.6,"д. Тутаев, алл. Нефтяников, д. 60 стр. 69, 844821",83886848261,Вечерняя,52,68,70,86,96
Валентина Николаевна Громова,2022,Физика,79.0,6.0,42.5,"клх Стерлитамак, пр. Мелиоративный, д. 86, 800707",83361759400,Очная,81,69,96,94,55
Кондратий Анисимович Казаков,2022,Математика,50.8,9.7,30.2,"клх Калевала, пер. Студенческий, д. 7/5 стр. 3, 935907",8 (033) 692-69-80,Заочная,55,51,47,59,42
Милица Вячеславовна Казакова,2022,История Беларуси,76.4,6.1,41.2,"п. Токма, пер. Озерный, д. 668 к. 3/1, 126085",+7 909 417 68 43,Очная,84,62,67,90,79
Эрнст Фёдорович Марков,2025,История Беларуси,71.2,9.4,40.3,"ст. Андреаполь, ул. Брянская, д. 91, 808335",8 (413) 699-4499,Вечерняя,59,79,95,83,40
Филиппов Моисей Гурьевич,2021,История Беларуси,56.4,9.2,32.8,"клх Нефтеюганск, пр. Жуковского, д. 206 стр. 936, 367044",+7 202 350 2920,Вечерняя,60,59,45,61,57
Бирюкова Регина Вениаминовна,2022,Химия,68.2,9.1,38.6,"д. Нефтегорск (Самар.), ш. Тополиное, д. 114 к. 5, 067500",8 (381) 952-95-38,Вечерняя,71,72,92,55,51
Васильев Авксентий Евстигнеевич,2024,Биология,67.0,7.1,37.0,"к. Братск, алл. Путейская, д. 1/4 стр. 32, 378861",+72403805043,Заочная,73,53,75,72,62
г-жа Самойлова Олимпиада Валериевна,2025,История Беларуси,57.6,7.0,32.3,"с. Мыс Шмидта, пр. Сосновый, д. 231 к. 62, 202395",+7 919 443 67 81,Заочная,41,80,60,41,66
Соколова Кира Макаровна,2025,Химия,57.0,9.8,33.4,"клх Колпашево, бул. Бульварный, д. 8/5, 162581",+7 990 911 2791,Очная,40,50,42,91,62
Наталья Феликсовна Федотова,2025,История Беларуси,66.2,8.0,37.1,"п. Поярково, пр. Производственный, д. 383, 633472",8 (958) 899-90-01,Вечерняя,57,94,45,74,61
Агафья Геннадиевна Белоусова,2024,История Беларуси,81.6,8.0,44.8,"к. Кировск (Ленин.), ш. Советское, д. 5 к. 5/6, 763702",+7 (233) 607-10-85,Очная,61,99,76,91,81
Любомир Денисович Петухов,2025,История Беларуси,77.4,7.5,42.4,"с. Двинской, ш. Красное, д. 13 к. 2/8, 417707",8 758 642 64 18,Вечерняя,88,81,77,57,84
Боброва Светлана Артемовна,2025,Математика,62.2,6.6,34.4,"д. Гремячинск (Перм.), пр. Тополиный, д. 9/1 к. 2/1, 556286",8 885 001 0346,Очная,63,81,69,53,45
Вероника Леоновна Пономарева,2021,Химия,58.4,7.6,33.0,"п. Усть-Камчатск, бул. Куйбышева, д. 5 к. 6, 905264",8 057 034 99 02,Очная,46,91,53,48,54
Демьян Терентьевич Агафонов,2023,Химия,55.8,9.8,32.8,"д. Орехово-Зуево, пр. Ушакова, д. 2 к. 3/3, 858002",8 693 110 94 34,Заочная,41,66,41,74,57
Регина Ефимовна Лихачева,2025,Химия,55.0,7.9,31.4,"клх Листвянка (Иркут.), ул. 9 мая, д. 61 стр. 231, 285770",+7 (362) 021-39-40,Заочная,57,49,64,41,64
Лыткин Влас Демьянович,2021,История Беларуси,62.0,8.4,35.2,"д. Краснотурьинск, ул. Докучаева, д. 3/1 стр. 788, 657146",+7 (675) 384-76-86,Вечерняя,72,75,70,53,40
Иван Фадеевич Беляков,2022,Химия,77.0,7.6,42.3,"д. Курчатов, пер. Уральский, д. 4, 712404",+7 (319) 867-5991,Очная,93,85,91,42,74
Молчанов Милован Давидович,2021,Математика,65.6,7.9,36.8,"клх Урай, ш. Громова, д. 4, 238708",+7 (115) 259-85-93,Заочная,64,52,92,73,47
Зимин Михаил Трифонович,2023,Физика,57.6,8.2,32.9,"г. Рыльск, пер. Кузнечный, д. 2/3 к. 547, 000226",8 (330) 434-5800,Заочная,43,64,54,43,84
Сорокина Полина Рудольфовна,2024,Химия,66.2,8.0,37.1,"клх Невельск, пер. Громова, д. 180 стр. 6, 087714",8 962 077 8162,Вечерняя,71,71,67,52,70
Воронцова Лукия Тимуровна,2025,Биология,68.0,6.9,37.4,"д. Арзамас, алл. Высокая, д. 329 к. 677, 377760",+7 463 282 6985,Вечерняя,57,68,99,45,71
Остромир Игоревич Карпов,2025,История Беларуси,66.0,6.2,36.1,"к. Южно-Курильск, пер. Тепличный, д. 9/8 к. 3, 286228",84410293344,Очная,41,99,62,58,70
Киселева Ангелина Геннадьевна,2024,Биология,57.0,7.9,32.4,"п. Териберка, пр. Гражданский, д. 55 стр. 2/7, 399447",+7 (829) 132-0699,Вечерняя,58,73,49,64,41
Казимир Артемьевич Суворов,2023,Физика,71.2,7.7,39.4,"к. Куртамыш, ул. Лазо, д. 1, 888928",8 327 922 36 05,Очная,89,70,95,54,48
Голубева Наина Алексеевна,2021,Математика,59.4,7.2,33.3,"ст. Усть-Кулом, алл. Николаева, д. 604, 641393",+79598200720,Вечерняя,48,74,60,48,67
Измаил Викентьевич Чернов,2022,История Беларуси,69.0,8.5,38.8,"г. Сусуман, ул. Крайняя, д. 6 стр. 966, 642617",8 (922) 502-2447,Вечерняя,90,46,55,55,99
Ширяев Григорий Даниилович,2024,Биология,66.4,8.5,37.4,"к. Мыс Шмидта, алл. Гастелло, д. 4, 442932",+7 (623) 108-7602,Вечерняя,43,78,79,56,76
Терентьева Маргарита Федоровна,2023,Физика,84.8,9.4,47.1,"д. Грозный, наб. Л.Толстого, д. 32, 901777",+7 (671) 856-1371,Вечерняя,91,68,91,75,99
Суханов Поликарп Юльевич,2025,Биология,75.2,8.1,41.6,"ст. Борзя, бул. Лунный, д. 591 к. 416, 367880",8 (139) 643-88-61,Заочная,89,76,91,74,46
Владлен Бенедиктович Красильников,2022,Математика,59.4,9.9,34.6,"клх Сальск, алл. Крупской, д. 996 стр. 4, 574522",+71923763195,Заочная,61,53,46,76,61
Журавлев Каллистрат Филатович,2025,Математика,70.8,9.2,40.0,"с. Калач, бул. Серафимовича, д. 8 к. 66, 198140",+7 077 780 2110,Заочная,94,41,66,60,93
Юрий Юльевич Дьячков,2021,История Беларуси,72.6,8.1,40.3,"ст. Ковров, ш. Республиканское, д. 76 к. 340, 469633",+7 503 629 64 22,Заочная,60,49,62,97,95
Александров Соломон Димитриевич,2024,Химия,61.2,8.5,34.8,"г. Курумкан, пер. Плеханова, д. 8 стр. 143, 577866",8 (591) 699-5811,Заочная,40,52,60,65,89
Гусева Марфа Степановна,2024,Физика,76.0,8.0,42.0,"д. Жигулевск, наб. Покровская, д. 8/5 стр. 832, 662353",+7 (548) 691-31-86,Вечерняя,92,57,76,84,71
Клавдия Руслановна Пономарева,2022,Математика,74.2,9.4,41.8,"п. Советский, ул. Выгонная, д. 159, 447612",+7 (014) 954-15-64,Заочная,74,88,99,50,60
г-н Стрелков Алексей Германович,2025,История Беларуси,73.4,7.3,40.4,"г. Бронницы, бул. Гастелло, д. 795, 532293",8 (153) 228-4274,Очная,94,92,65,43,73
Нина Львовна Хохлова,2025,Физика,77.8,8.5,43.2,"д. Магадан, ул. Рябиновая, д. 3/2, 675922",8 (576) 558-4452,Очная,99,57,79,74,80
Голубева Алевтина Даниловна,2024,Физика,73.4,9.6,41.5,"ст. Мытищи, наб. Олимпийская, д. 884, 698034",8 725 672 8749,Очная,68,77,81,60,81
Ян Викторович Вишняков,2025,Биология,71.8,8.8,40.3,"п. Заводоуковск, ш. Хуторское, д. 7 стр. 3/9, 867942",+7 (060) 758-0596,Заочная,80,56,95,48,80
Исай Трифонович Шаров,2021,Химия,75.0,9.7,42.4,"п. Североуральск, наб. Воровского, д. 7 к. 791, 607748",+7 705 936 3702,Вечерняя,99,87,68,72,49
Муравьев Платон Виленович,2021,Физика,71.0,8.0,39.5,"п. Ревда (Сверд.), алл. Гафури, д. 59 стр. 8/7, 235114",+75439637333,Очная,99,79,60,67,50
Фотий Арсеньевич Авдеев,2025,Физика,68.2,8.5,38.4,"ст. Соболево, ул. Братская, д. 81 стр. 249, 832213",8 (732) 999-3355,Вечерняя,47,98,61,47,88
Регина Рудольфовна Щербакова,2022,История Беларуси,73.2,6.4,39.8,"ст. Норильск, пр. Базарный, д. 439 стр. 37, 206559",8 (166) 291-3648,Вечерняя,99,62,63,84,58
Лобанов Роман Данилович,2022,Физика,61.6,6.2,33.9,"клх Набережные Челны, алл. Черняховского, д. 5 к. 99, 273147",8 186 226 54 59,Очная,83,40,62,76,47
Мясникова Ангелина Викторовна,2022,Физика,72.8,9.2,41.0,"клх Нижний Новгород, ш. Азовское, д. 433 к. 6/9, 799776",8 298 368 3734,Заочная,96,62,82,40,84
Ульяна Юрьевна Фомичева,2021,Химия,59.2,9.0,34.1,"к. Сузун, пр. Депутатский, д. 88 стр. 965, 109587",+7 133 555 8182,Заочная,74,63,56,44,59
Стрелкова Майя Даниловна,2024,Химия,75.4,9.9,42.7,"д. Жуковский, пер. Владимирский, д. 68 к. 661, 411970",8 784 774 2520,Очная,97,70,85,75,50
Дмитриева Алла Натановна,2022,Физика,70.2,6.7,38.4,"п. Пенза, пер. Менделеева, д. 59 к. 652, 362432",8 485 697 90 45,Заочная,58,46,90,67,90
тов. Бурова Нина Артемовна,2025,Биология,64.2,6.3,35.2,"клх Зарайск, алл. Гайдара, д. 2 к. 83, 361196",+7 (156) 065-92-58,Очная,44,44,69,93,71
Быкова Клавдия Вячеславовна,2024,Математика,74.0,9.9,42.0,"с. Ступино, ш. Карла Маркса, д. 959, 686685",8 879 691 94 51,Очная,49,77,86,71,87
Федосеева Екатерина Федоровна,2024,Математика,61.6,7.5,34.6,"ст. Пермь, ш. Брянское, д. 1, 722811",8 (531) 414-9026,Вечерняя,70,47,79,64,48
Тамара Афанасьевна Лобанова,2025,Физика,67.4,9.1,38.2,"п. Кинешма, наб. Карьерная, д. 13 стр. 5, 735013",+7 (650) 555-78-15,Заочная,89,42,88,75,43
Белозеров Корнил Эдгардович,2022,Физика,84.8,7.3,46.0,"п. Нижнекамск, пер. Ломоносова, д. 565 к. 9, 974607",8 (374) 793-86-89,Вечерняя,80,64,97,94,89
Анатолий Власович Жданов,2022,Физика,62.4,8.4,35.4,"г. Воркута, ш. Гражданское, д. 849, 987695",+7 (978) 613-8808,Вечерняя,75,51,66,79,41
Егорова Евгения Борисовна,2024,Физика,71.8,8.5,40.2,"к. Сладково, ул. Слободская, д. 128 стр. 5, 647602",8 587 179 92 97,Очная,92,71,70,55,71
